n_name,c_name,n_org,c_org,n_group,c_group,n_acc,c_acc,n_seq,c_seq,label
Ssp DnaE,Ssp DnaE,Synechocystis sp. PCC6803,Synechocystis sp. PCC6803,DnaE,DnaE,BBa_25GXRNKA,BBa_25DAKQQ8,CLAEGTRIFDPVTGSSRYMARVYGQDKPDYVLGHRMHESTMVLENVLGLGEIPKDLNMQKLNKVLVSRSKPISGQEVMDNVKSDLIQFGDNHVSKLPELPEEFQEHIERLYQELRQKLAKQYLHLPKIKSEPGTDVQKLISEEDLGDPDYREQLATLIREQMKQEKM,CFNGTAVGAKLNPQQMGQIERFNYGPTCQQYAAQALQDYLKQHQEKIQKQLAQRLADLQKQVRDLQHEVNARLATDHDLNQQMKQFNEQLKKQLTPQMQHRLQQELQKQIQDLQAQYNQL,Circularise
Ssp DnaE,Ter DnaE-3,Synechocystis sp. PCC6803,Trichodesmium erythraeum,DnaE,DnaE,BBa_25GXRNKA,BBa_25KKVAEW,CLAEGTRIFDPVTGSSRYMARVYGQDKPDYVLGHRMHESTMVLENVLGLGEIPKDLNMQKLNKVLVSRSKPISGQEVMDNVKSDLIQFGDNHVSKLPELPEEFQEHIERLYQELRQKLAKQYLHLPKIKSEPGTDVQKLISEEDLGDPDYREQLATLIREQMKQEKM,PLACEHOLDER_REPLACE_WITH_INBASE_SEQUENCE,Linearise
Ssp DnaE,Tvu DnaE,Synechocystis sp. PCC6803,Thermosynechococcus vulcanus,DnaE,DnaE,BBa_25GXRNKA,BBa_25A9PDOX,CLAEGTRIFDPVTGSSRYMARVYGQDKPDYVLGHRMHESTMVLENVLGLGEIPKDLNMQKLNKVLVSRSKPISGQEVMDNVKSDLIQFGDNHVSKLPELPEEFQEHIERLYQELRQKLAKQYLHLPKIKSEPGTDVQKLISEEDLGDPDYREQLATLIREQMKQEKM,PLACEHOLDER_REPLACE_WITH_INBASE_SEQUENCE,Linearise
Ssp DnaE,Sel-PCC6301 DnaE,Synechocystis sp. PCC6803,Synechococcus elongatus PCC6301,DnaE,DnaE,BBa_25GXRNKA,BBa_25IB6RAW,CLAEGTRIFDPVTGSSRYMARVYGQDKPDYVLGHRMHESTMVLENVLGLGEIPKDLNMQKLNKVLVSRSKPISGQEVMDNVKSDLIQFGDNHVSKLPELPEEFQEHIERLYQELRQKLAKQYLHLPKIKSEPGTDVQKLISEEDLGDPDYREQLATLIREQMKQEKM,PLACEHOLDER_REPLACE_WITH_INBASE_SEQUENCE,Linearise
Ssp DnaE,Sel-PC7942 DnaE,Synechocystis sp. PCC6803,Synechococcus elongatus PC7942,DnaE,DnaE,BBa_25GXRNKA,BBa_25AHFHPM,CLAEGTRIFDPVTGSSRYMARVYGQDKPDYVLGHRMHESTMVLENVLGLGEIPKDLNMQKLNKVLVSRSKPISGQEVMDNVKSDLIQFGDNHVSKLPELPEEFQEHIERLYQELRQKLAKQYLHLPKIKSEPGTDVQKLISEEDLGDPDYREQLATLIREQMKQEKM,PLACEHOLDER_REPLACE_WITH_INBASE_SEQUENCE,Linearise
Ssp DnaE,Oli DnaE,Synechocystis sp. PCC6803,Oscillatoria limnetica,DnaE,DnaE,BBa_25GXRNKA,BBa_25F6FPLB,CLAEGTRIFDPVTGSSRYMARVYGQDKPDYVLGHRMHESTMVLENVLGLGEIPKDLNMQKLNKVLVSRSKPISGQEVMDNVKSDLIQFGDNHVSKLPELPEEFQEHIERLYQELRQKLAKQYLHLPKIKSEPGTDVQKLISEEDLGDPDYREQLATLIREQMKQEKM,PLACEHOLDER_REPLACE_WITH_INBASE_SEQUENCE,Linearise
Ssp DnaE,Nsp-PCC7120 DnaE,Synechocystis sp. PCC6803,Nostoc sp. PCC7120,DnaE,DnaE,BBa_25GXRNKA,BBa_25WMHS8N,CLAEGTRIFDPVTGSSRYMARVYGQDKPDYVLGHRMHESTMVLENVLGLGEIPKDLNMQKLNKVLVSRSKPISGQEVMDNVKSDLIQFGDNHVSKLPELPEEFQEHIERLYQELRQKLAKQYLHLPKIKSEPGTDVQKLISEEDLGDPDYREQLATLIREQMKQEKM,PLACEHOLDER_REPLACE_WITH_INBASE_SEQUENCE,Linearise
Ssp DnaE,Npu-PCC73102 DnaE,Synechocystis sp. PCC6803,Nostoc punctiforme PCC73102,DnaE,DnaE,BBa_25GXRNKA,BBa_25GW1TDZ,CLAEGTRIFDPVTGSSRYMARVYGQDKPDYVLGHRMHESTMVLENVLGLGEIPKDLNMQKLNKVLVSRSKPISGQEVMDNVKSDLIQFGDNHVSKLPELPEEFQEHIERLYQELRQKLAKQYLHLPKIKSEPGTDVQKLISEEDLGDPDYREQLATLIREQMKQEKM,PLACEHOLDER_REPLACE_WITH_INBASE_SEQUENCE,Linearise
Ssp DnaE,Maer-NIES843 DnaE,Synechocystis sp. PCC6803,Microcystis aeruginosa NIES843,DnaE,DnaE,BBa_25GXRNKA,BBa_25F8C5ZQ,CLAEGTRIFDPVTGSSRYMARVYGQDKPDYVLGHRMHESTMVLENVLGLGEIPKDLNMQKLNKVLVSRSKPISGQEVMDNVKSDLIQFGDNHVSKLPELPEEFQEHIERLYQELRQKLAKQYLHLPKIKSEPGTDVQKLISEEDLGDPDYREQLATLIREQMKQEKM,PLACEHOLDER_REPLACE_WITH_INBASE_SEQUENCE,Linearise
Ssp DnaE,Cwa DnaE,Synechocystis sp. PCC6803,Crocosphaera watsonii,DnaE,DnaE,BBa_25GXRNKA,BBa_25WI3QZ0,CLAEGTRIFDPVTGSSRYMARVYGQDKPDYVLGHRMHESTMVLENVLGLGEIPKDLNMQKLNKVLVSRSKPISGQEVMDNVKSDLIQFGDNHVSKLPELPEEFQEHIERLYQELRQKLAKQYLHLPKIKSEPGTDVQKLISEEDLGDPDYREQLATLIREQMKQEKM,PLACEHOLDER_REPLACE_WITH_INBASE_SEQUENCE,Linearise
Ssp DnaE,Csp-PCC8801 DnaE,Synechocystis sp. PCC6803,Cyanothece sp. PCC8801,DnaE,DnaE,BBa_25GXRNKA,BBa_255BD5ZB,CLAEGTRIFDPVTGSSRYMARVYGQDKPDYVLGHRMHESTMVLENVLGLGEIPKDLNMQKLNKVLVSRSKPISGQEVMDNVKSDLIQFGDNHVSKLPELPEEFQEHIERLYQELRQKLAKQYLHLPKIKSEPGTDVQKLISEEDLGDPDYREQLATLIREQMKQEKM,PLACEHOLDER_REPLACE_WITH_INBASE_SEQUENCE,Linearise
Ssp DnaE,Csp-PCC7424 DnaE,Synechocystis sp. PCC6803,Cyanothece sp. PCC7424,DnaE,DnaE,BBa_25GXRNKA,BBa_25HBUDUF,CLAEGTRIFDPVTGSSRYMARVYGQDKPDYVLGHRMHESTMVLENVLGLGEIPKDLNMQKLNKVLVSRSKPISGQEVMDNVKSDLIQFGDNHVSKLPELPEEFQEHIERLYQELRQKLAKQYLHLPKIKSEPGTDVQKLISEEDLGDPDYREQLATLIREQMKQEKM,PLACEHOLDER_REPLACE_WITH_INBASE_SEQUENCE,Linearise
Ssp DnaE,Csp-CCY0110 DnaE,Synechocystis sp. PCC6803,Cyanothece sp. CCY0110,DnaE,DnaE,BBa_25GXRNKA,BBa_25KRZ21R,CLAEGTRIFDPVTGSSRYMARVYGQDKPDYVLGHRMHESTMVLENVLGLGEIPKDLNMQKLNKVLVSRSKPISGQEVMDNVKSDLIQFGDNHVSKLPELPEEFQEHIERLYQELRQKLAKQYLHLPKIKSEPGTDVQKLISEEDLGDPDYREQLATLIREQMKQEKM,PLACEHOLDER_REPLACE_WITH_INBASE_SEQUENCE,Linearise
Ssp DnaE,Cra-CS505 DnaE,Synechocystis sp. PCC6803,Cylindrospermopsis raciborskii,DnaE,DnaE,BBa_25GXRNKA,BBa_25JWTAOY,CLAEGTRIFDPVTGSSRYMARVYGQDKPDYVLGHRMHESTMVLENVLGLGEIPKDLNMQKLNKVLVSRSKPISGQEVMDNVKSDLIQFGDNHVSKLPELPEEFQEHIERLYQELRQKLAKQYLHLPKIKSEPGTDVQKLISEEDLGDPDYREQLATLIREQMKQEKM,PLACEHOLDER_REPLACE_WITH_INBASE_SEQUENCE,Linearise
Ssp DnaE,Ava DnaE,Synechocystis sp. PCC6803,Anabaena variabilis,DnaE,DnaE,BBa_25GXRNKA,BBa_25ZF1QF5,CLAEGTRIFDPVTGSSRYMARVYGQDKPDYVLGHRMHESTMVLENVLGLGEIPKDLNMQKLNKVLVSRSKPISGQEVMDNVKSDLIQFGDNHVSKLPELPEEFQEHIERLYQELRQKLAKQYLHLPKIKSEPGTDVQKLISEEDLGDPDYREQLATLIREQMKQEKM,PLACEHOLDER_REPLACE_WITH_INBASE_SEQUENCE,Linearise
Ssp DnaE,Aha DnaE,Synechocystis sp. PCC6803,Aphanothece halophytica,DnaE,DnaE,BBa_25GXRNKA,BBa_25Z1ZFPY,CLAEGTRIFDPVTGSSRYMARVYGQDKPDYVLGHRMHESTMVLENVLGLGEIPKDLNMQKLNKVLVSRSKPISGQEVMDNVKSDLIQFGDNHVSKLPELPEEFQEHIERLYQELRQKLAKQYLHLPKIKSEPGTDVQKLISEEDLGDPDYREQLATLIREQMKQEKM,PLACEHOLDER_REPLACE_WITH_INBASE_SEQUENCE,Linearise
Ssp DnaE,Aov DnaE,Synechocystis sp. PCC6803,Aphanizomenon ovalisporum,DnaE,DnaE,BBa_25GXRNKA,BBa_25IKNR5T,CLAEGTRIFDPVTGSSRYMARVYGQDKPDYVLGHRMHESTMVLENVLGLGEIPKDLNMQKLNKVLVSRSKPISGQEVMDNVKSDLIQFGDNHVSKLPELPEEFQEHIERLYQELRQKLAKQYLHLPKIKSEPGTDVQKLISEEDLGDPDYREQLATLIREQMKQEKM,PLACEHOLDER_REPLACE_WITH_INBASE_SEQUENCE,Linearise
Ssp DnaE,Mtu-T17 RecA,Synechocystis sp. PCC6803,Mycobacterium tuberculosis,DnaE,RecA,BBa_25GXRNKA,BBa_25YYMD7Z,CLAEGTRIFDPVTGSSRYMARVYGQDKPDYVLGHRMHESTMVLENVLGLGEIPKDLNMQKLNKVLVSRSKPISGQEVMDNVKSDLIQFGDNHVSKLPELPEEFQEHIERLYQELRQKLAKQYLHLPKIKSEPGTDVQKLISEEDLGDPDYREQLATLIREQMKQEKM,PLACEHOLDER_REPLACE_WITH_INBASE_SEQUENCE,Not compatible
Ssp DnaE,Dra Snf2,Synechocystis sp. PCC6803,Deinococcus radiodurans,DnaE,Snf2,BBa_25GXRNKA,BBa_25ZJCBN6,CLAEGTRIFDPVTGSSRYMARVYGQDKPDYVLGHRMHESTMVLENVLGLGEIPKDLNMQKLNKVLVSRSKPISGQEVMDNVKSDLIQFGDNHVSKLPELPEEFQEHIERLYQELRQKLAKQYLHLPKIKSEPGTDVQKLISEEDLGDPDYREQLATLIREQMKQEKM,PLACEHOLDER_REPLACE_WITH_INBASE_SEQUENCE,Not compatible
Ssp DnaE,Neq Pol,Synechocystis sp. PCC6803,Nanoarchaeum equitans,DnaE,Pol,BBa_25GXRNKA,BBa_257FZ9V0,CLAEGTRIFDPVTGSSRYMARVYGQDKPDYVLGHRMHESTMVLENVLGLGEIPKDLNMQKLNKVLVSRSKPISGQEVMDNVKSDLIQFGDNHVSKLPELPEEFQEHIERLYQELRQKLAKQYLHLPKIKSEPGTDVQKLISEEDLGDPDYREQLATLIREQMKQEKM,PLACEHOLDER_REPLACE_WITH_INBASE_SEQUENCE,Not compatible
Ssp DnaE,Sce VMA,Synechocystis sp. PCC6803,Saccharomyces cerevisiae,DnaE,VMA,BBa_25GXRNKA,BBa_253EQDGS,CLAEGTRIFDPVTGSSRYMARVYGQDKPDYVLGHRMHESTMVLENVLGLGEIPKDLNMQKLNKVLVSRSKPISGQEVMDNVKSDLIQFGDNHVSKLPELPEEFQEHIERLYQELRQKLAKQYLHLPKIKSEPGTDVQKLISEEDLGDPDYREQLATLIREQMKQEKM,PLACEHOLDER_REPLACE_WITH_INBASE_SEQUENCE,Not compatible
Ter DnaE-3,Ssp DnaE,Trichodesmium erythraeum,Synechocystis sp. PCC6803,DnaE,DnaE,BBa_25D2AKSB,BBa_25DAKQQ8,PLACEHOLDER_REPLACE_WITH_INBASE_SEQUENCE,CFNGTAVGAKLNPQQMGQIERFNYGPTCQQYAAQALQDYLKQHQEKIQKQLAQRLADLQKQVRDLQHEVNARLATDHDLNQQMKQFNEQLKKQLTPQMQHRLQQELQKQIQDLQAQYNQL,Linearise
Ter DnaE-3,Ter DnaE-3,Trichodesmium erythraeum,Trichodesmium erythraeum,DnaE,DnaE,BBa_25D2AKSB,BBa_25KKVAEW,PLACEHOLDER_REPLACE_WITH_INBASE_SEQUENCE,PLACEHOLDER_REPLACE_WITH_INBASE_SEQUENCE,Circularise
Ter DnaE-3,Tvu DnaE,Trichodesmium erythraeum,Thermosynechococcus vulcanus,DnaE,DnaE,BBa_25D2AKSB,BBa_25A9PDOX,PLACEHOLDER_REPLACE_WITH_INBASE_SEQUENCE,PLACEHOLDER_REPLACE_WITH_INBASE_SEQUENCE,Linearise
Ter DnaE-3,Sel-PCC6301 DnaE,Trichodesmium erythraeum,Synechococcus elongatus PCC6301,DnaE,DnaE,BBa_25D2AKSB,BBa_25IB6RAW,PLACEHOLDER_REPLACE_WITH_INBASE_SEQUENCE,PLACEHOLDER_REPLACE_WITH_INBASE_SEQUENCE,Linearise
Ter DnaE-3,Sel-PC7942 DnaE,Trichodesmium erythraeum,Synechococcus elongatus PC7942,DnaE,DnaE,BBa_25D2AKSB,BBa_25AHFHPM,PLACEHOLDER_REPLACE_WITH_INBASE_SEQUENCE,PLACEHOLDER_REPLACE_WITH_INBASE_SEQUENCE,Linearise
Ter DnaE-3,Oli DnaE,Trichodesmium erythraeum,Oscillatoria limnetica,DnaE,DnaE,BBa_25D2AKSB,BBa_25F6FPLB,PLACEHOLDER_REPLACE_WITH_INBASE_SEQUENCE,PLACEHOLDER_REPLACE_WITH_INBASE_SEQUENCE,Linearise
Ter DnaE-3,Nsp-PCC7120 DnaE,Trichodesmium erythraeum,Nostoc sp. PCC7120,DnaE,DnaE,BBa_25D2AKSB,BBa_25WMHS8N,PLACEHOLDER_REPLACE_WITH_INBASE_SEQUENCE,PLACEHOLDER_REPLACE_WITH_INBASE_SEQUENCE,Linearise
Ter DnaE-3,Npu-PCC73102 DnaE,Trichodesmium erythraeum,Nostoc punctiforme PCC73102,DnaE,DnaE,BBa_25D2AKSB,BBa_25GW1TDZ,PLACEHOLDER_REPLACE_WITH_INBASE_SEQUENCE,PLACEHOLDER_REPLACE_WITH_INBASE_SEQUENCE,Linearise
Ter DnaE-3,Maer-NIES843 DnaE,Trichodesmium erythraeum,Microcystis aeruginosa NIES843,DnaE,DnaE,BBa_25D2AKSB,BBa_25F8C5ZQ,PLACEHOLDER_REPLACE_WITH_INBASE_SEQUENCE,PLACEHOLDER_REPLACE_WITH_INBASE_SEQUENCE,Linearise
Ter DnaE-3,Cwa DnaE,Trichodesmium erythraeum,Crocosphaera watsonii,DnaE,DnaE,BBa_25D2AKSB,BBa_25WI3QZ0,PLACEHOLDER_REPLACE_WITH_INBASE_SEQUENCE,PLACEHOLDER_REPLACE_WITH_INBASE_SEQUENCE,Linearise
Ter DnaE-3,Csp-PCC8801 DnaE,Trichodesmium erythraeum,Cyanothece sp. PCC8801,DnaE,DnaE,BBa_25D2AKSB,BBa_255BD5ZB,PLACEHOLDER_REPLACE_WITH_INBASE_SEQUENCE,PLACEHOLDER_REPLACE_WITH_INBASE_SEQUENCE,Linearise
Ter DnaE-3,Csp-PCC7424 DnaE,Trichodesmium erythraeum,Cyanothece sp. PCC7424,DnaE,DnaE,BBa_25D2AKSB,BBa_25HBUDUF,PLACEHOLDER_REPLACE_WITH_INBASE_SEQUENCE,PLACEHOLDER_REPLACE_WITH_INBASE_SEQUENCE,Linearise
Ter DnaE-3,Csp-CCY0110 DnaE,Trichodesmium erythraeum,Cyanothece sp. CCY0110,DnaE,DnaE,BBa_25D2AKSB,BBa_25KRZ21R,PLACEHOLDER_REPLACE_WITH_INBASE_SEQUENCE,PLACEHOLDER_REPLACE_WITH_INBASE_SEQUENCE,Linearise
Ter DnaE-3,Cra-CS505 DnaE,Trichodesmium erythraeum,Cylindrospermopsis raciborskii,DnaE,DnaE,BBa_25D2AKSB,BBa_25JWTAOY,PLACEHOLDER_REPLACE_WITH_INBASE_SEQUENCE,PLACEHOLDER_REPLACE_WITH_INBASE_SEQUENCE,Linearise
Ter DnaE-3,Ava DnaE,Trichodesmium erythraeum,Anabaena variabilis,DnaE,DnaE,BBa_25D2AKSB,BBa_25ZF1QF5,PLACEHOLDER_REPLACE_WITH_INBASE_SEQUENCE,PLACEHOLDER_REPLACE_WITH_INBASE_SEQUENCE,Linearise
Ter DnaE-3,Aha DnaE,Trichodesmium erythraeum,Aphanothece halophytica,DnaE,DnaE,BBa_25D2AKSB,BBa_25Z1ZFPY,PLACEHOLDER_REPLACE_WITH_INBASE_SEQUENCE,PLACEHOLDER_REPLACE_WITH_INBASE_SEQUENCE,Linearise
Ter DnaE-3,Aov DnaE,Trichodesmium erythraeum,Aphanizomenon ovalisporum,DnaE,DnaE,BBa_25D2AKSB,BBa_25IKNR5T,PLACEHOLDER_REPLACE_WITH_INBASE_SEQUENCE,PLACEHOLDER_REPLACE_WITH_INBASE_SEQUENCE,Linearise
Ter DnaE-3,Mtu-T17 RecA,Trichodesmium erythraeum,Mycobacterium tuberculosis,DnaE,RecA,BBa_25D2AKSB,BBa_25YYMD7Z,PLACEHOLDER_REPLACE_WITH_INBASE_SEQUENCE,PLACEHOLDER_REPLACE_WITH_INBASE_SEQUENCE,Not compatible
Ter DnaE-3,Dra Snf2,Trichodesmium erythraeum,Deinococcus radiodurans,DnaE,Snf2,BBa_25D2AKSB,BBa_25ZJCBN6,PLACEHOLDER_REPLACE_WITH_INBASE_SEQUENCE,PLACEHOLDER_REPLACE_WITH_INBASE_SEQUENCE,Not compatible
Ter DnaE-3,Neq Pol,Trichodesmium erythraeum,Nanoarchaeum equitans,DnaE,Pol,BBa_25D2AKSB,BBa_257FZ9V0,PLACEHOLDER_REPLACE_WITH_INBASE_SEQUENCE,PLACEHOLDER_REPLACE_WITH_INBASE_SEQUENCE,Not compatible
Ter DnaE-3,Sce VMA,Trichodesmium erythraeum,Saccharomyces cerevisiae,DnaE,VMA,BBa_25D2AKSB,BBa_253EQDGS,PLACEHOLDER_REPLACE_WITH_INBASE_SEQUENCE,PLACEHOLDER_REPLACE_WITH_INBASE_SEQUENCE,Not compatible
Tvu DnaE,Ssp DnaE,Thermosynechococcus vulcanus,Synechocystis sp. PCC6803,DnaE,DnaE,BBa_25D9G3XX,BBa_25DAKQQ8,PLACEHOLDER_REPLACE_WITH_INBASE_SEQUENCE,CFNGTAVGAKLNPQQMGQIERFNYGPTCQQYAAQALQDYLKQHQEKIQKQLAQRLADLQKQVRDLQHEVNARLATDHDLNQQMKQFNEQLKKQLTPQMQHRLQQELQKQIQDLQAQYNQL,Linearise
Tvu DnaE,Ter DnaE-3,Thermosynechococcus vulcanus,Trichodesmium erythraeum,DnaE,DnaE,BBa_25D9G3XX,BBa_25KKVAEW,PLACEHOLDER_REPLACE_WITH_INBASE_SEQUENCE,PLACEHOLDER_REPLACE_WITH_INBASE_SEQUENCE,Linearise
Tvu DnaE,Tvu DnaE,Thermosynechococcus vulcanus,Thermosynechococcus vulcanus,DnaE,DnaE,BBa_25D9G3XX,BBa_25A9PDOX,PLACEHOLDER_REPLACE_WITH_INBASE_SEQUENCE,PLACEHOLDER_REPLACE_WITH_INBASE_SEQUENCE,Circularise
Tvu DnaE,Sel-PCC6301 DnaE,Thermosynechococcus vulcanus,Synechococcus elongatus PCC6301,DnaE,DnaE,BBa_25D9G3XX,BBa_25IB6RAW,PLACEHOLDER_REPLACE_WITH_INBASE_SEQUENCE,PLACEHOLDER_REPLACE_WITH_INBASE_SEQUENCE,Linearise
Tvu DnaE,Sel-PC7942 DnaE,Thermosynechococcus vulcanus,Synechococcus elongatus PC7942,DnaE,DnaE,BBa_25D9G3XX,BBa_25AHFHPM,PLACEHOLDER_REPLACE_WITH_INBASE_SEQUENCE,PLACEHOLDER_REPLACE_WITH_INBASE_SEQUENCE,Linearise
Tvu DnaE,Oli DnaE,Thermosynechococcus vulcanus,Oscillatoria limnetica,DnaE,DnaE,BBa_25D9G3XX,BBa_25F6FPLB,PLACEHOLDER_REPLACE_WITH_INBASE_SEQUENCE,PLACEHOLDER_REPLACE_WITH_INBASE_SEQUENCE,Linearise
Tvu DnaE,Nsp-PCC7120 DnaE,Thermosynechococcus vulcanus,Nostoc sp. PCC7120,DnaE,DnaE,BBa_25D9G3XX,BBa_25WMHS8N,PLACEHOLDER_REPLACE_WITH_INBASE_SEQUENCE,PLACEHOLDER_REPLACE_WITH_INBASE_SEQUENCE,Linearise
Tvu DnaE,Npu-PCC73102 DnaE,Thermosynechococcus vulcanus,Nostoc punctiforme PCC73102,DnaE,DnaE,BBa_25D9G3XX,BBa_25GW1TDZ,PLACEHOLDER_REPLACE_WITH_INBASE_SEQUENCE,PLACEHOLDER_REPLACE_WITH_INBASE_SEQUENCE,Linearise
Tvu DnaE,Maer-NIES843 DnaE,Thermosynechococcus vulcanus,Microcystis aeruginosa NIES843,DnaE,DnaE,BBa_25D9G3XX,BBa_25F8C5ZQ,PLACEHOLDER_REPLACE_WITH_INBASE_SEQUENCE,PLACEHOLDER_REPLACE_WITH_INBASE_SEQUENCE,Linearise
Tvu DnaE,Cwa DnaE,Thermosynechococcus vulcanus,Crocosphaera watsonii,DnaE,DnaE,BBa_25D9G3XX,BBa_25WI3QZ0,PLACEHOLDER_REPLACE_WITH_INBASE_SEQUENCE,PLACEHOLDER_REPLACE_WITH_INBASE_SEQUENCE,Linearise
Tvu DnaE,Csp-PCC8801 DnaE,Thermosynechococcus vulcanus,Cyanothece sp. PCC8801,DnaE,DnaE,BBa_25D9G3XX,BBa_255BD5ZB,PLACEHOLDER_REPLACE_WITH_INBASE_SEQUENCE,PLACEHOLDER_REPLACE_WITH_INBASE_SEQUENCE,Linearise
Tvu DnaE,Csp-PCC7424 DnaE,Thermosynechococcus vulcanus,Cyanothece sp. PCC7424,DnaE,DnaE,BBa_25D9G3XX,BBa_25HBUDUF,PLACEHOLDER_REPLACE_WITH_INBASE_SEQUENCE,PLACEHOLDER_REPLACE_WITH_INBASE_SEQUENCE,Linearise
Tvu DnaE,Csp-CCY0110 DnaE,Thermosynechococcus vulcanus,Cyanothece sp. CCY0110,DnaE,DnaE,BBa_25D9G3XX,BBa_25KRZ21R,PLACEHOLDER_REPLACE_WITH_INBASE_SEQUENCE,PLACEHOLDER_REPLACE_WITH_INBASE_SEQUENCE,Linearise
Tvu DnaE,Cra-CS505 DnaE,Thermosynechococcus vulcanus,Cylindrospermopsis raciborskii,DnaE,DnaE,BBa_25D9G3XX,BBa_25JWTAOY,PLACEHOLDER_REPLACE_WITH_INBASE_SEQUENCE,PLACEHOLDER_REPLACE_WITH_INBASE_SEQUENCE,Linearise
Tvu DnaE,Ava DnaE,Thermosynechococcus vulcanus,Anabaena variabilis,DnaE,DnaE,BBa_25D9G3XX,BBa_25ZF1QF5,PLACEHOLDER_REPLACE_WITH_INBASE_SEQUENCE,PLACEHOLDER_REPLACE_WITH_INBASE_SEQUENCE,Linearise
Tvu DnaE,Aha DnaE,Thermosynechococcus vulcanus,Aphanothece halophytica,DnaE,DnaE,BBa_25D9G3XX,BBa_25Z1ZFPY,PLACEHOLDER_REPLACE_WITH_INBASE_SEQUENCE,PLACEHOLDER_REPLACE_WITH_INBASE_SEQUENCE,Linearise
Tvu DnaE,Aov DnaE,Thermosynechococcus vulcanus,Aphanizomenon ovalisporum,DnaE,DnaE,BBa_25D9G3XX,BBa_25IKNR5T,PLACEHOLDER_REPLACE_WITH_INBASE_SEQUENCE,PLACEHOLDER_REPLACE_WITH_INBASE_SEQUENCE,Linearise
Tvu DnaE,Mtu-T17 RecA,Thermosynechococcus vulcanus,Mycobacterium tuberculosis,DnaE,RecA,BBa_25D9G3XX,BBa_25YYMD7Z,PLACEHOLDER_REPLACE_WITH_INBASE_SEQUENCE,PLACEHOLDER_REPLACE_WITH_INBASE_SEQUENCE,Not compatible
Tvu DnaE,Dra Snf2,Thermosynechococcus vulcanus,Deinococcus radiodurans,DnaE,Snf2,BBa_25D9G3XX,BBa_25ZJCBN6,PLACEHOLDER_REPLACE_WITH_INBASE_SEQUENCE,PLACEHOLDER_REPLACE_WITH_INBASE_SEQUENCE,Not compatible
Tvu DnaE,Neq Pol,Thermosynechococcus vulcanus,Nanoarchaeum equitans,DnaE,Pol,BBa_25D9G3XX,BBa_257FZ9V0,PLACEHOLDER_REPLACE_WITH_INBASE_SEQUENCE,PLACEHOLDER_REPLACE_WITH_INBASE_SEQUENCE,Not compatible
Tvu DnaE,Sce VMA,Thermosynechococcus vulcanus,Saccharomyces cerevisiae,DnaE,VMA,BBa_25D9G3XX,BBa_253EQDGS,PLACEHOLDER_REPLACE_WITH_INBASE_SEQUENCE,PLACEHOLDER_REPLACE_WITH_INBASE_SEQUENCE,Not compatible
Sel-PCC6301 DnaE,Ssp DnaE,Synechococcus elongatus PCC6301,Synechocystis sp. PCC6803,DnaE,DnaE,BBa_25S5TNW3,BBa_25DAKQQ8,PLACEHOLDER_REPLACE_WITH_INBASE_SEQUENCE,CFNGTAVGAKLNPQQMGQIERFNYGPTCQQYAAQALQDYLKQHQEKIQKQLAQRLADLQKQVRDLQHEVNARLATDHDLNQQMKQFNEQLKKQLTPQMQHRLQQELQKQIQDLQAQYNQL,Linearise
Sel-PCC6301 DnaE,Ter DnaE-3,Synechococcus elongatus PCC6301,Trichodesmium erythraeum,DnaE,DnaE,BBa_25S5TNW3,BBa_25KKVAEW,PLACEHOLDER_REPLACE_WITH_INBASE_SEQUENCE,PLACEHOLDER_REPLACE_WITH_INBASE_SEQUENCE,Linearise
Sel-PCC6301 DnaE,Tvu DnaE,Synechococcus elongatus PCC6301,Thermosynechococcus vulcanus,DnaE,DnaE,BBa_25S5TNW3,BBa_25A9PDOX,PLACEHOLDER_REPLACE_WITH_INBASE_SEQUENCE,PLACEHOLDER_REPLACE_WITH_INBASE_SEQUENCE,Linearise
Sel-PCC6301 DnaE,Sel-PCC6301 DnaE,Synechococcus elongatus PCC6301,Synechococcus elongatus PCC6301,DnaE,DnaE,BBa_25S5TNW3,BBa_25IB6RAW,PLACEHOLDER_REPLACE_WITH_INBASE_SEQUENCE,PLACEHOLDER_REPLACE_WITH_INBASE_SEQUENCE,Circularise
Sel-PCC6301 DnaE,Sel-PC7942 DnaE,Synechococcus elongatus PCC6301,Synechococcus elongatus PC7942,DnaE,DnaE,BBa_25S5TNW3,BBa_25AHFHPM,PLACEHOLDER_REPLACE_WITH_INBASE_SEQUENCE,PLACEHOLDER_REPLACE_WITH_INBASE_SEQUENCE,Linearise
Sel-PCC6301 DnaE,Oli DnaE,Synechococcus elongatus PCC6301,Oscillatoria limnetica,DnaE,DnaE,BBa_25S5TNW3,BBa_25F6FPLB,PLACEHOLDER_REPLACE_WITH_INBASE_SEQUENCE,PLACEHOLDER_REPLACE_WITH_INBASE_SEQUENCE,Linearise
Sel-PCC6301 DnaE,Nsp-PCC7120 DnaE,Synechococcus elongatus PCC6301,Nostoc sp. PCC7120,DnaE,DnaE,BBa_25S5TNW3,BBa_25WMHS8N,PLACEHOLDER_REPLACE_WITH_INBASE_SEQUENCE,PLACEHOLDER_REPLACE_WITH_INBASE_SEQUENCE,Linearise
Sel-PCC6301 DnaE,Npu-PCC73102 DnaE,Synechococcus elongatus PCC6301,Nostoc punctiforme PCC73102,DnaE,DnaE,BBa_25S5TNW3,BBa_25GW1TDZ,PLACEHOLDER_REPLACE_WITH_INBASE_SEQUENCE,PLACEHOLDER_REPLACE_WITH_INBASE_SEQUENCE,Linearise
Sel-PCC6301 DnaE,Maer-NIES843 DnaE,Synechococcus elongatus PCC6301,Microcystis aeruginosa NIES843,DnaE,DnaE,BBa_25S5TNW3,BBa_25F8C5ZQ,PLACEHOLDER_REPLACE_WITH_INBASE_SEQUENCE,PLACEHOLDER_REPLACE_WITH_INBASE_SEQUENCE,Linearise
Sel-PCC6301 DnaE,Cwa DnaE,Synechococcus elongatus PCC6301,Crocosphaera watsonii,DnaE,DnaE,BBa_25S5TNW3,BBa_25WI3QZ0,PLACEHOLDER_REPLACE_WITH_INBASE_SEQUENCE,PLACEHOLDER_REPLACE_WITH_INBASE_SEQUENCE,Linearise
Sel-PCC6301 DnaE,Csp-PCC8801 DnaE,Synechococcus elongatus PCC6301,Cyanothece sp. PCC8801,DnaE,DnaE,BBa_25S5TNW3,BBa_255BD5ZB,PLACEHOLDER_REPLACE_WITH_INBASE_SEQUENCE,PLACEHOLDER_REPLACE_WITH_INBASE_SEQUENCE,Linearise
Sel-PCC6301 DnaE,Csp-PCC7424 DnaE,Synechococcus elongatus PCC6301,Cyanothece sp. PCC7424,DnaE,DnaE,BBa_25S5TNW3,BBa_25HBUDUF,PLACEHOLDER_REPLACE_WITH_INBASE_SEQUENCE,PLACEHOLDER_REPLACE_WITH_INBASE_SEQUENCE,Linearise
Sel-PCC6301 DnaE,Csp-CCY0110 DnaE,Synechococcus elongatus PCC6301,Cyanothece sp. CCY0110,DnaE,DnaE,BBa_25S5TNW3,BBa_25KRZ21R,PLACEHOLDER_REPLACE_WITH_INBASE_SEQUENCE,PLACEHOLDER_REPLACE_WITH_INBASE_SEQUENCE,Linearise
Sel-PCC6301 DnaE,Cra-CS505 DnaE,Synechococcus elongatus PCC6301,Cylindrospermopsis raciborskii,DnaE,DnaE,BBa_25S5TNW3,BBa_25JWTAOY,PLACEHOLDER_REPLACE_WITH_INBASE_SEQUENCE,PLACEHOLDER_REPLACE_WITH_INBASE_SEQUENCE,Linearise
Sel-PCC6301 DnaE,Ava DnaE,Synechococcus elongatus PCC6301,Anabaena variabilis,DnaE,DnaE,BBa_25S5TNW3,BBa_25ZF1QF5,PLACEHOLDER_REPLACE_WITH_INBASE_SEQUENCE,PLACEHOLDER_REPLACE_WITH_INBASE_SEQUENCE,Linearise
Sel-PCC6301 DnaE,Aha DnaE,Synechococcus elongatus PCC6301,Aphanothece halophytica,DnaE,DnaE,BBa_25S5TNW3,BBa_25Z1ZFPY,PLACEHOLDER_REPLACE_WITH_INBASE_SEQUENCE,PLACEHOLDER_REPLACE_WITH_INBASE_SEQUENCE,Linearise
Sel-PCC6301 DnaE,Aov DnaE,Synechococcus elongatus PCC6301,Aphanizomenon ovalisporum,DnaE,DnaE,BBa_25S5TNW3,BBa_25IKNR5T,PLACEHOLDER_REPLACE_WITH_INBASE_SEQUENCE,PLACEHOLDER_REPLACE_WITH_INBASE_SEQUENCE,Linearise
Sel-PCC6301 DnaE,Mtu-T17 RecA,Synechococcus elongatus PCC6301,Mycobacterium tuberculosis,DnaE,RecA,BBa_25S5TNW3,BBa_25YYMD7Z,PLACEHOLDER_REPLACE_WITH_INBASE_SEQUENCE,PLACEHOLDER_REPLACE_WITH_INBASE_SEQUENCE,Not compatible
Sel-PCC6301 DnaE,Dra Snf2,Synechococcus elongatus PCC6301,Deinococcus radiodurans,DnaE,Snf2,BBa_25S5TNW3,BBa_25ZJCBN6,PLACEHOLDER_REPLACE_WITH_INBASE_SEQUENCE,PLACEHOLDER_REPLACE_WITH_INBASE_SEQUENCE,Not compatible
Sel-PCC6301 DnaE,Neq Pol,Synechococcus elongatus PCC6301,Nanoarchaeum equitans,DnaE,Pol,BBa_25S5TNW3,BBa_257FZ9V0,PLACEHOLDER_REPLACE_WITH_INBASE_SEQUENCE,PLACEHOLDER_REPLACE_WITH_INBASE_SEQUENCE,Not compatible
Sel-PCC6301 DnaE,Sce VMA,Synechococcus elongatus PCC6301,Saccharomyces cerevisiae,DnaE,VMA,BBa_25S5TNW3,BBa_253EQDGS,PLACEHOLDER_REPLACE_WITH_INBASE_SEQUENCE,PLACEHOLDER_REPLACE_WITH_INBASE_SEQUENCE,Not compatible
Sel-PC7942 DnaE,Ssp DnaE,Synechococcus elongatus PC7942,Synechocystis sp. PCC6803,DnaE,DnaE,BBa_25EI8V66,BBa_25DAKQQ8,PLACEHOLDER_REPLACE_WITH_INBASE_SEQUENCE,CFNGTAVGAKLNPQQMGQIERFNYGPTCQQYAAQALQDYLKQHQEKIQKQLAQRLADLQKQVRDLQHEVNARLATDHDLNQQMKQFNEQLKKQLTPQMQHRLQQELQKQIQDLQAQYNQL,Linearise
Sel-PC7942 DnaE,Ter DnaE-3,Synechococcus elongatus PC7942,Trichodesmium erythraeum,DnaE,DnaE,BBa_25EI8V66,BBa_25KKVAEW,PLACEHOLDER_REPLACE_WITH_INBASE_SEQUENCE,PLACEHOLDER_REPLACE_WITH_INBASE_SEQUENCE,Linearise
Sel-PC7942 DnaE,Tvu DnaE,Synechococcus elongatus PC7942,Thermosynechococcus vulcanus,DnaE,DnaE,BBa_25EI8V66,BBa_25A9PDOX,PLACEHOLDER_REPLACE_WITH_INBASE_SEQUENCE,PLACEHOLDER_REPLACE_WITH_INBASE_SEQUENCE,Linearise
Sel-PC7942 DnaE,Sel-PCC6301 DnaE,Synechococcus elongatus PC7942,Synechococcus elongatus PCC6301,DnaE,DnaE,BBa_25EI8V66,BBa_25IB6RAW,PLACEHOLDER_REPLACE_WITH_INBASE_SEQUENCE,PLACEHOLDER_REPLACE_WITH_INBASE_SEQUENCE,Linearise
Sel-PC7942 DnaE,Sel-PC7942 DnaE,Synechococcus elongatus PC7942,Synechococcus elongatus PC7942,DnaE,DnaE,BBa_25EI8V66,BBa_25AHFHPM,PLACEHOLDER_REPLACE_WITH_INBASE_SEQUENCE,PLACEHOLDER_REPLACE_WITH_INBASE_SEQUENCE,Circularise
Sel-PC7942 DnaE,Oli DnaE,Synechococcus elongatus PC7942,Oscillatoria limnetica,DnaE,DnaE,BBa_25EI8V66,BBa_25F6FPLB,PLACEHOLDER_REPLACE_WITH_INBASE_SEQUENCE,PLACEHOLDER_REPLACE_WITH_INBASE_SEQUENCE,Linearise
Sel-PC7942 DnaE,Nsp-PCC7120 DnaE,Synechococcus elongatus PC7942,Nostoc sp. PCC7120,DnaE,DnaE,BBa_25EI8V66,BBa_25WMHS8N,PLACEHOLDER_REPLACE_WITH_INBASE_SEQUENCE,PLACEHOLDER_REPLACE_WITH_INBASE_SEQUENCE,Linearise
Sel-PC7942 DnaE,Npu-PCC73102 DnaE,Synechococcus elongatus PC7942,Nostoc punctiforme PCC73102,DnaE,DnaE,BBa_25EI8V66,BBa_25GW1TDZ,PLACEHOLDER_REPLACE_WITH_INBASE_SEQUENCE,PLACEHOLDER_REPLACE_WITH_INBASE_SEQUENCE,Linearise
Sel-PC7942 DnaE,Maer-NIES843 DnaE,Synechococcus elongatus PC7942,Microcystis aeruginosa NIES843,DnaE,DnaE,BBa_25EI8V66,BBa_25F8C5ZQ,PLACEHOLDER_REPLACE_WITH_INBASE_SEQUENCE,PLACEHOLDER_REPLACE_WITH_INBASE_SEQUENCE,Linearise
Sel-PC7942 DnaE,Cwa DnaE,Synechococcus elongatus PC7942,Crocosphaera watsonii,DnaE,DnaE,BBa_25EI8V66,BBa_25WI3QZ0,PLACEHOLDER_REPLACE_WITH_INBASE_SEQUENCE,PLACEHOLDER_REPLACE_WITH_INBASE_SEQUENCE,Linearise
Sel-PC7942 DnaE,Csp-PCC8801 DnaE,Synechococcus elongatus PC7942,Cyanothece sp. PCC8801,DnaE,DnaE,BBa_25EI8V66,BBa_255BD5ZB,PLACEHOLDER_REPLACE_WITH_INBASE_SEQUENCE,PLACEHOLDER_REPLACE_WITH_INBASE_SEQUENCE,Linearise
Sel-PC7942 DnaE,Csp-PCC7424 DnaE,Synechococcus elongatus PC7942,Cyanothece sp. PCC7424,DnaE,DnaE,BBa_25EI8V66,BBa_25HBUDUF,PLACEHOLDER_REPLACE_WITH_INBASE_SEQUENCE,PLACEHOLDER_REPLACE_WITH_INBASE_SEQUENCE,Linearise
Sel-PC7942 DnaE,Csp-CCY0110 DnaE,Synechococcus elongatus PC7942,Cyanothece sp. CCY0110,DnaE,DnaE,BBa_25EI8V66,BBa_25KRZ21R,PLACEHOLDER_REPLACE_WITH_INBASE_SEQUENCE,PLACEHOLDER_REPLACE_WITH_INBASE_SEQUENCE,Linearise
Sel-PC7942 DnaE,Cra-CS505 DnaE,Synechococcus elongatus PC7942,Cylindrospermopsis raciborskii,DnaE,DnaE,BBa_25EI8V66,BBa_25JWTAOY,PLACEHOLDER_REPLACE_WITH_INBASE_SEQUENCE,PLACEHOLDER_REPLACE_WITH_INBASE_SEQUENCE,Linearise
Sel-PC7942 DnaE,Ava DnaE,Synechococcus elongatus PC7942,Anabaena variabilis,DnaE,DnaE,BBa_25EI8V66,BBa_25ZF1QF5,PLACEHOLDER_REPLACE_WITH_INBASE_SEQUENCE,PLACEHOLDER_REPLACE_WITH_INBASE_SEQUENCE,Linearise
Sel-PC7942 DnaE,Aha DnaE,Synechococcus elongatus PC7942,Aphanothece halophytica,DnaE,DnaE,BBa_25EI8V66,BBa_25Z1ZFPY,PLACEHOLDER_REPLACE_WITH_INBASE_SEQUENCE,PLACEHOLDER_REPLACE_WITH_INBASE_SEQUENCE,Linearise
Sel-PC7942 DnaE,Aov DnaE,Synechococcus elongatus PC7942,Aphanizomenon ovalisporum,DnaE,DnaE,BBa_25EI8V66,BBa_25IKNR5T,PLACEHOLDER_REPLACE_WITH_INBASE_SEQUENCE,PLACEHOLDER_REPLACE_WITH_INBASE_SEQUENCE,Linearise
Sel-PC7942 DnaE,Mtu-T17 RecA,Synechococcus elongatus PC7942,Mycobacterium tuberculosis,DnaE,RecA,BBa_25EI8V66,BBa_25YYMD7Z,PLACEHOLDER_REPLACE_WITH_INBASE_SEQUENCE,PLACEHOLDER_REPLACE_WITH_INBASE_SEQUENCE,Not compatible
Sel-PC7942 DnaE,Dra Snf2,Synechococcus elongatus PC7942,Deinococcus radiodurans,DnaE,Snf2,BBa_25EI8V66,BBa_25ZJCBN6,PLACEHOLDER_REPLACE_WITH_INBASE_SEQUENCE,PLACEHOLDER_REPLACE_WITH_INBASE_SEQUENCE,Not compatible
Sel-PC7942 DnaE,Neq Pol,Synechococcus elongatus PC7942,Nanoarchaeum equitans,DnaE,Pol,BBa_25EI8V66,BBa_257FZ9V0,PLACEHOLDER_REPLACE_WITH_INBASE_SEQUENCE,PLACEHOLDER_REPLACE_WITH_INBASE_SEQUENCE,Not compatible
Sel-PC7942 DnaE,Sce VMA,Synechococcus elongatus PC7942,Saccharomyces cerevisiae,DnaE,VMA,BBa_25EI8V66,BBa_253EQDGS,PLACEHOLDER_REPLACE_WITH_INBASE_SEQUENCE,PLACEHOLDER_REPLACE_WITH_INBASE_SEQUENCE,Not compatible
Oli DnaE,Ssp DnaE,Oscillatoria limnetica,Synechocystis sp. PCC6803,DnaE,DnaE,BBa_25QL9R7D,BBa_25DAKQQ8,PLACEHOLDER_REPLACE_WITH_INBASE_SEQUENCE,CFNGTAVGAKLNPQQMGQIERFNYGPTCQQYAAQALQDYLKQHQEKIQKQLAQRLADLQKQVRDLQHEVNARLATDHDLNQQMKQFNEQLKKQLTPQMQHRLQQELQKQIQDLQAQYNQL,Linearise
Oli DnaE,Ter DnaE-3,Oscillatoria limnetica,Trichodesmium erythraeum,DnaE,DnaE,BBa_25QL9R7D,BBa_25KKVAEW,PLACEHOLDER_REPLACE_WITH_INBASE_SEQUENCE,PLACEHOLDER_REPLACE_WITH_INBASE_SEQUENCE,Linearise
Oli DnaE,Tvu DnaE,Oscillatoria limnetica,Thermosynechococcus vulcanus,DnaE,DnaE,BBa_25QL9R7D,BBa_25A9PDOX,PLACEHOLDER_REPLACE_WITH_INBASE_SEQUENCE,PLACEHOLDER_REPLACE_WITH_INBASE_SEQUENCE,Linearise
Oli DnaE,Sel-PCC6301 DnaE,Oscillatoria limnetica,Synechococcus elongatus PCC6301,DnaE,DnaE,BBa_25QL9R7D,BBa_25IB6RAW,PLACEHOLDER_REPLACE_WITH_INBASE_SEQUENCE,PLACEHOLDER_REPLACE_WITH_INBASE_SEQUENCE,Linearise
Oli DnaE,Sel-PC7942 DnaE,Oscillatoria limnetica,Synechococcus elongatus PC7942,DnaE,DnaE,BBa_25QL9R7D,BBa_25AHFHPM,PLACEHOLDER_REPLACE_WITH_INBASE_SEQUENCE,PLACEHOLDER_REPLACE_WITH_INBASE_SEQUENCE,Linearise
Oli DnaE,Oli DnaE,Oscillatoria limnetica,Oscillatoria limnetica,DnaE,DnaE,BBa_25QL9R7D,BBa_25F6FPLB,PLACEHOLDER_REPLACE_WITH_INBASE_SEQUENCE,PLACEHOLDER_REPLACE_WITH_INBASE_SEQUENCE,Circularise
Oli DnaE,Nsp-PCC7120 DnaE,Oscillatoria limnetica,Nostoc sp. PCC7120,DnaE,DnaE,BBa_25QL9R7D,BBa_25WMHS8N,PLACEHOLDER_REPLACE_WITH_INBASE_SEQUENCE,PLACEHOLDER_REPLACE_WITH_INBASE_SEQUENCE,Linearise
Oli DnaE,Npu-PCC73102 DnaE,Oscillatoria limnetica,Nostoc punctiforme PCC73102,DnaE,DnaE,BBa_25QL9R7D,BBa_25GW1TDZ,PLACEHOLDER_REPLACE_WITH_INBASE_SEQUENCE,PLACEHOLDER_REPLACE_WITH_INBASE_SEQUENCE,Linearise
Oli DnaE,Maer-NIES843 DnaE,Oscillatoria limnetica,Microcystis aeruginosa NIES843,DnaE,DnaE,BBa_25QL9R7D,BBa_25F8C5ZQ,PLACEHOLDER_REPLACE_WITH_INBASE_SEQUENCE,PLACEHOLDER_REPLACE_WITH_INBASE_SEQUENCE,Linearise
Oli DnaE,Cwa DnaE,Oscillatoria limnetica,Crocosphaera watsonii,DnaE,DnaE,BBa_25QL9R7D,BBa_25WI3QZ0,PLACEHOLDER_REPLACE_WITH_INBASE_SEQUENCE,PLACEHOLDER_REPLACE_WITH_INBASE_SEQUENCE,Linearise
Oli DnaE,Csp-PCC8801 DnaE,Oscillatoria limnetica,Cyanothece sp. PCC8801,DnaE,DnaE,BBa_25QL9R7D,BBa_255BD5ZB,PLACEHOLDER_REPLACE_WITH_INBASE_SEQUENCE,PLACEHOLDER_REPLACE_WITH_INBASE_SEQUENCE,Linearise
Oli DnaE,Csp-PCC7424 DnaE,Oscillatoria limnetica,Cyanothece sp. PCC7424,DnaE,DnaE,BBa_25QL9R7D,BBa_25HBUDUF,PLACEHOLDER_REPLACE_WITH_INBASE_SEQUENCE,PLACEHOLDER_REPLACE_WITH_INBASE_SEQUENCE,Linearise
Oli DnaE,Csp-CCY0110 DnaE,Oscillatoria limnetica,Cyanothece sp. CCY0110,DnaE,DnaE,BBa_25QL9R7D,BBa_25KRZ21R,PLACEHOLDER_REPLACE_WITH_INBASE_SEQUENCE,PLACEHOLDER_REPLACE_WITH_INBASE_SEQUENCE,Linearise
Oli DnaE,Cra-CS505 DnaE,Oscillatoria limnetica,Cylindrospermopsis raciborskii,DnaE,DnaE,BBa_25QL9R7D,BBa_25JWTAOY,PLACEHOLDER_REPLACE_WITH_INBASE_SEQUENCE,PLACEHOLDER_REPLACE_WITH_INBASE_SEQUENCE,Linearise
Oli DnaE,Ava DnaE,Oscillatoria limnetica,Anabaena variabilis,DnaE,DnaE,BBa_25QL9R7D,BBa_25ZF1QF5,PLACEHOLDER_REPLACE_WITH_INBASE_SEQUENCE,PLACEHOLDER_REPLACE_WITH_INBASE_SEQUENCE,Linearise
Oli DnaE,Aha DnaE,Oscillatoria limnetica,Aphanothece halophytica,DnaE,DnaE,BBa_25QL9R7D,BBa_25Z1ZFPY,PLACEHOLDER_REPLACE_WITH_INBASE_SEQUENCE,PLACEHOLDER_REPLACE_WITH_INBASE_SEQUENCE,Linearise
Oli DnaE,Aov DnaE,Oscillatoria limnetica,Aphanizomenon ovalisporum,DnaE,DnaE,BBa_25QL9R7D,BBa_25IKNR5T,PLACEHOLDER_REPLACE_WITH_INBASE_SEQUENCE,PLACEHOLDER_REPLACE_WITH_INBASE_SEQUENCE,Linearise
Oli DnaE,Mtu-T17 RecA,Oscillatoria limnetica,Mycobacterium tuberculosis,DnaE,RecA,BBa_25QL9R7D,BBa_25YYMD7Z,PLACEHOLDER_REPLACE_WITH_INBASE_SEQUENCE,PLACEHOLDER_REPLACE_WITH_INBASE_SEQUENCE,Not compatible
Oli DnaE,Dra Snf2,Oscillatoria limnetica,Deinococcus radiodurans,DnaE,Snf2,BBa_25QL9R7D,BBa_25ZJCBN6,PLACEHOLDER_REPLACE_WITH_INBASE_SEQUENCE,PLACEHOLDER_REPLACE_WITH_INBASE_SEQUENCE,Not compatible
Oli DnaE,Neq Pol,Oscillatoria limnetica,Nanoarchaeum equitans,DnaE,Pol,BBa_25QL9R7D,BBa_257FZ9V0,PLACEHOLDER_REPLACE_WITH_INBASE_SEQUENCE,PLACEHOLDER_REPLACE_WITH_INBASE_SEQUENCE,Not compatible
Oli DnaE,Sce VMA,Oscillatoria limnetica,Saccharomyces cerevisiae,DnaE,VMA,BBa_25QL9R7D,BBa_253EQDGS,PLACEHOLDER_REPLACE_WITH_INBASE_SEQUENCE,PLACEHOLDER_REPLACE_WITH_INBASE_SEQUENCE,Not compatible
Nsp-PCC7120 DnaE,Ssp DnaE,Nostoc sp. PCC7120,Synechocystis sp. PCC6803,DnaE,DnaE,BBa_25OVRRY7,BBa_25DAKQQ8,PLACEHOLDER_REPLACE_WITH_INBASE_SEQUENCE,CFNGTAVGAKLNPQQMGQIERFNYGPTCQQYAAQALQDYLKQHQEKIQKQLAQRLADLQKQVRDLQHEVNARLATDHDLNQQMKQFNEQLKKQLTPQMQHRLQQELQKQIQDLQAQYNQL,Linearise
Nsp-PCC7120 DnaE,Ter DnaE-3,Nostoc sp. PCC7120,Trichodesmium erythraeum,DnaE,DnaE,BBa_25OVRRY7,BBa_25KKVAEW,PLACEHOLDER_REPLACE_WITH_INBASE_SEQUENCE,PLACEHOLDER_REPLACE_WITH_INBASE_SEQUENCE,Linearise
Nsp-PCC7120 DnaE,Tvu DnaE,Nostoc sp. PCC7120,Thermosynechococcus vulcanus,DnaE,DnaE,BBa_25OVRRY7,BBa_25A9PDOX,PLACEHOLDER_REPLACE_WITH_INBASE_SEQUENCE,PLACEHOLDER_REPLACE_WITH_INBASE_SEQUENCE,Linearise
Nsp-PCC7120 DnaE,Sel-PCC6301 DnaE,Nostoc sp. PCC7120,Synechococcus elongatus PCC6301,DnaE,DnaE,BBa_25OVRRY7,BBa_25IB6RAW,PLACEHOLDER_REPLACE_WITH_INBASE_SEQUENCE,PLACEHOLDER_REPLACE_WITH_INBASE_SEQUENCE,Linearise
Nsp-PCC7120 DnaE,Sel-PC7942 DnaE,Nostoc sp. PCC7120,Synechococcus elongatus PC7942,DnaE,DnaE,BBa_25OVRRY7,BBa_25AHFHPM,PLACEHOLDER_REPLACE_WITH_INBASE_SEQUENCE,PLACEHOLDER_REPLACE_WITH_INBASE_SEQUENCE,Linearise
Nsp-PCC7120 DnaE,Oli DnaE,Nostoc sp. PCC7120,Oscillatoria limnetica,DnaE,DnaE,BBa_25OVRRY7,BBa_25F6FPLB,PLACEHOLDER_REPLACE_WITH_INBASE_SEQUENCE,PLACEHOLDER_REPLACE_WITH_INBASE_SEQUENCE,Linearise
Nsp-PCC7120 DnaE,Nsp-PCC7120 DnaE,Nostoc sp. PCC7120,Nostoc sp. PCC7120,DnaE,DnaE,BBa_25OVRRY7,BBa_25WMHS8N,PLACEHOLDER_REPLACE_WITH_INBASE_SEQUENCE,PLACEHOLDER_REPLACE_WITH_INBASE_SEQUENCE,Circularise
Nsp-PCC7120 DnaE,Npu-PCC73102 DnaE,Nostoc sp. PCC7120,Nostoc punctiforme PCC73102,DnaE,DnaE,BBa_25OVRRY7,BBa_25GW1TDZ,PLACEHOLDER_REPLACE_WITH_INBASE_SEQUENCE,PLACEHOLDER_REPLACE_WITH_INBASE_SEQUENCE,Linearise
Nsp-PCC7120 DnaE,Maer-NIES843 DnaE,Nostoc sp. PCC7120,Microcystis aeruginosa NIES843,DnaE,DnaE,BBa_25OVRRY7,BBa_25F8C5ZQ,PLACEHOLDER_REPLACE_WITH_INBASE_SEQUENCE,PLACEHOLDER_REPLACE_WITH_INBASE_SEQUENCE,Linearise
Nsp-PCC7120 DnaE,Cwa DnaE,Nostoc sp. PCC7120,Crocosphaera watsonii,DnaE,DnaE,BBa_25OVRRY7,BBa_25WI3QZ0,PLACEHOLDER_REPLACE_WITH_INBASE_SEQUENCE,PLACEHOLDER_REPLACE_WITH_INBASE_SEQUENCE,Linearise
Nsp-PCC7120 DnaE,Csp-PCC8801 DnaE,Nostoc sp. PCC7120,Cyanothece sp. PCC8801,DnaE,DnaE,BBa_25OVRRY7,BBa_255BD5ZB,PLACEHOLDER_REPLACE_WITH_INBASE_SEQUENCE,PLACEHOLDER_REPLACE_WITH_INBASE_SEQUENCE,Linearise
Nsp-PCC7120 DnaE,Csp-PCC7424 DnaE,Nostoc sp. PCC7120,Cyanothece sp. PCC7424,DnaE,DnaE,BBa_25OVRRY7,BBa_25HBUDUF,PLACEHOLDER_REPLACE_WITH_INBASE_SEQUENCE,PLACEHOLDER_REPLACE_WITH_INBASE_SEQUENCE,Linearise
Nsp-PCC7120 DnaE,Csp-CCY0110 DnaE,Nostoc sp. PCC7120,Cyanothece sp. CCY0110,DnaE,DnaE,BBa_25OVRRY7,BBa_25KRZ21R,PLACEHOLDER_REPLACE_WITH_INBASE_SEQUENCE,PLACEHOLDER_REPLACE_WITH_INBASE_SEQUENCE,Linearise
Nsp-PCC7120 DnaE,Cra-CS505 DnaE,Nostoc sp. PCC7120,Cylindrospermopsis raciborskii,DnaE,DnaE,BBa_25OVRRY7,BBa_25JWTAOY,PLACEHOLDER_REPLACE_WITH_INBASE_SEQUENCE,PLACEHOLDER_REPLACE_WITH_INBASE_SEQUENCE,Linearise
Nsp-PCC7120 DnaE,Ava DnaE,Nostoc sp. PCC7120,Anabaena variabilis,DnaE,DnaE,BBa_25OVRRY7,BBa_25ZF1QF5,PLACEHOLDER_REPLACE_WITH_INBASE_SEQUENCE,PLACEHOLDER_REPLACE_WITH_INBASE_SEQUENCE,Linearise
Nsp-PCC7120 DnaE,Aha DnaE,Nostoc sp. PCC7120,Aphanothece halophytica,DnaE,DnaE,BBa_25OVRRY7,BBa_25Z1ZFPY,PLACEHOLDER_REPLACE_WITH_INBASE_SEQUENCE,PLACEHOLDER_REPLACE_WITH_INBASE_SEQUENCE,Linearise
Nsp-PCC7120 DnaE,Aov DnaE,Nostoc sp. PCC7120,Aphanizomenon ovalisporum,DnaE,DnaE,BBa_25OVRRY7,BBa_25IKNR5T,PLACEHOLDER_REPLACE_WITH_INBASE_SEQUENCE,PLACEHOLDER_REPLACE_WITH_INBASE_SEQUENCE,Linearise
Nsp-PCC7120 DnaE,Mtu-T17 RecA,Nostoc sp. PCC7120,Mycobacterium tuberculosis,DnaE,RecA,BBa_25OVRRY7,BBa_25YYMD7Z,PLACEHOLDER_REPLACE_WITH_INBASE_SEQUENCE,PLACEHOLDER_REPLACE_WITH_INBASE_SEQUENCE,Not compatible
Nsp-PCC7120 DnaE,Dra Snf2,Nostoc sp. PCC7120,Deinococcus radiodurans,DnaE,Snf2,BBa_25OVRRY7,BBa_25ZJCBN6,PLACEHOLDER_REPLACE_WITH_INBASE_SEQUENCE,PLACEHOLDER_REPLACE_WITH_INBASE_SEQUENCE,Not compatible
Nsp-PCC7120 DnaE,Neq Pol,Nostoc sp. PCC7120,Nanoarchaeum equitans,DnaE,Pol,BBa_25OVRRY7,BBa_257FZ9V0,PLACEHOLDER_REPLACE_WITH_INBASE_SEQUENCE,PLACEHOLDER_REPLACE_WITH_INBASE_SEQUENCE,Not compatible
Nsp-PCC7120 DnaE,Sce VMA,Nostoc sp. PCC7120,Saccharomyces cerevisiae,DnaE,VMA,BBa_25OVRRY7,BBa_253EQDGS,PLACEHOLDER_REPLACE_WITH_INBASE_SEQUENCE,PLACEHOLDER_REPLACE_WITH_INBASE_SEQUENCE,Not compatible
Npu-PCC73102 DnaE,Ssp DnaE,Nostoc punctiforme PCC73102,Synechocystis sp. PCC6803,DnaE,DnaE,BBa_25E6N642,BBa_25DAKQQ8,PLACEHOLDER_REPLACE_WITH_INBASE_SEQUENCE,CFNGTAVGAKLNPQQMGQIERFNYGPTCQQYAAQALQDYLKQHQEKIQKQLAQRLADLQKQVRDLQHEVNARLATDHDLNQQMKQFNEQLKKQLTPQMQHRLQQELQKQIQDLQAQYNQL,Linearise
Npu-PCC73102 DnaE,Ter DnaE-3,Nostoc punctiforme PCC73102,Trichodesmium erythraeum,DnaE,DnaE,BBa_25E6N642,BBa_25KKVAEW,PLACEHOLDER_REPLACE_WITH_INBASE_SEQUENCE,PLACEHOLDER_REPLACE_WITH_INBASE_SEQUENCE,Linearise
Npu-PCC73102 DnaE,Tvu DnaE,Nostoc punctiforme PCC73102,Thermosynechococcus vulcanus,DnaE,DnaE,BBa_25E6N642,BBa_25A9PDOX,PLACEHOLDER_REPLACE_WITH_INBASE_SEQUENCE,PLACEHOLDER_REPLACE_WITH_INBASE_SEQUENCE,Linearise
Npu-PCC73102 DnaE,Sel-PCC6301 DnaE,Nostoc punctiforme PCC73102,Synechococcus elongatus PCC6301,DnaE,DnaE,BBa_25E6N642,BBa_25IB6RAW,PLACEHOLDER_REPLACE_WITH_INBASE_SEQUENCE,PLACEHOLDER_REPLACE_WITH_INBASE_SEQUENCE,Linearise
Npu-PCC73102 DnaE,Sel-PC7942 DnaE,Nostoc punctiforme PCC73102,Synechococcus elongatus PC7942,DnaE,DnaE,BBa_25E6N642,BBa_25AHFHPM,PLACEHOLDER_REPLACE_WITH_INBASE_SEQUENCE,PLACEHOLDER_REPLACE_WITH_INBASE_SEQUENCE,Linearise
Npu-PCC73102 DnaE,Oli DnaE,Nostoc punctiforme PCC73102,Oscillatoria limnetica,DnaE,DnaE,BBa_25E6N642,BBa_25F6FPLB,PLACEHOLDER_REPLACE_WITH_INBASE_SEQUENCE,PLACEHOLDER_REPLACE_WITH_INBASE_SEQUENCE,Linearise
Npu-PCC73102 DnaE,Nsp-PCC7120 DnaE,Nostoc punctiforme PCC73102,Nostoc sp. PCC7120,DnaE,DnaE,BBa_25E6N642,BBa_25WMHS8N,PLACEHOLDER_REPLACE_WITH_INBASE_SEQUENCE,PLACEHOLDER_REPLACE_WITH_INBASE_SEQUENCE,Linearise
Npu-PCC73102 DnaE,Npu-PCC73102 DnaE,Nostoc punctiforme PCC73102,Nostoc punctiforme PCC73102,DnaE,DnaE,BBa_25E6N642,BBa_25GW1TDZ,PLACEHOLDER_REPLACE_WITH_INBASE_SEQUENCE,PLACEHOLDER_REPLACE_WITH_INBASE_SEQUENCE,Circularise
Npu-PCC73102 DnaE,Maer-NIES843 DnaE,Nostoc punctiforme PCC73102,Microcystis aeruginosa NIES843,DnaE,DnaE,BBa_25E6N642,BBa_25F8C5ZQ,PLACEHOLDER_REPLACE_WITH_INBASE_SEQUENCE,PLACEHOLDER_REPLACE_WITH_INBASE_SEQUENCE,Linearise
Npu-PCC73102 DnaE,Cwa DnaE,Nostoc punctiforme PCC73102,Crocosphaera watsonii,DnaE,DnaE,BBa_25E6N642,BBa_25WI3QZ0,PLACEHOLDER_REPLACE_WITH_INBASE_SEQUENCE,PLACEHOLDER_REPLACE_WITH_INBASE_SEQUENCE,Linearise
Npu-PCC73102 DnaE,Csp-PCC8801 DnaE,Nostoc punctiforme PCC73102,Cyanothece sp. PCC8801,DnaE,DnaE,BBa_25E6N642,BBa_255BD5ZB,PLACEHOLDER_REPLACE_WITH_INBASE_SEQUENCE,PLACEHOLDER_REPLACE_WITH_INBASE_SEQUENCE,Linearise
Npu-PCC73102 DnaE,Csp-PCC7424 DnaE,Nostoc punctiforme PCC73102,Cyanothece sp. PCC7424,DnaE,DnaE,BBa_25E6N642,BBa_25HBUDUF,PLACEHOLDER_REPLACE_WITH_INBASE_SEQUENCE,PLACEHOLDER_REPLACE_WITH_INBASE_SEQUENCE,Linearise
Npu-PCC73102 DnaE,Csp-CCY0110 DnaE,Nostoc punctiforme PCC73102,Cyanothece sp. CCY0110,DnaE,DnaE,BBa_25E6N642,BBa_25KRZ21R,PLACEHOLDER_REPLACE_WITH_INBASE_SEQUENCE,PLACEHOLDER_REPLACE_WITH_INBASE_SEQUENCE,Linearise
Npu-PCC73102 DnaE,Cra-CS505 DnaE,Nostoc punctiforme PCC73102,Cylindrospermopsis raciborskii,DnaE,DnaE,BBa_25E6N642,BBa_25JWTAOY,PLACEHOLDER_REPLACE_WITH_INBASE_SEQUENCE,PLACEHOLDER_REPLACE_WITH_INBASE_SEQUENCE,Linearise
Npu-PCC73102 DnaE,Ava DnaE,Nostoc punctiforme PCC73102,Anabaena variabilis,DnaE,DnaE,BBa_25E6N642,BBa_25ZF1QF5,PLACEHOLDER_REPLACE_WITH_INBASE_SEQUENCE,PLACEHOLDER_REPLACE_WITH_INBASE_SEQUENCE,Linearise
Npu-PCC73102 DnaE,Aha DnaE,Nostoc punctiforme PCC73102,Aphanothece halophytica,DnaE,DnaE,BBa_25E6N642,BBa_25Z1ZFPY,PLACEHOLDER_REPLACE_WITH_INBASE_SEQUENCE,PLACEHOLDER_REPLACE_WITH_INBASE_SEQUENCE,Linearise
Npu-PCC73102 DnaE,Aov DnaE,Nostoc punctiforme PCC73102,Aphanizomenon ovalisporum,DnaE,DnaE,BBa_25E6N642,BBa_25IKNR5T,PLACEHOLDER_REPLACE_WITH_INBASE_SEQUENCE,PLACEHOLDER_REPLACE_WITH_INBASE_SEQUENCE,Linearise
Npu-PCC73102 DnaE,Mtu-T17 RecA,Nostoc punctiforme PCC73102,Mycobacterium tuberculosis,DnaE,RecA,BBa_25E6N642,BBa_25YYMD7Z,PLACEHOLDER_REPLACE_WITH_INBASE_SEQUENCE,PLACEHOLDER_REPLACE_WITH_INBASE_SEQUENCE,Not compatible
Npu-PCC73102 DnaE,Dra Snf2,Nostoc punctiforme PCC73102,Deinococcus radiodurans,DnaE,Snf2,BBa_25E6N642,BBa_25ZJCBN6,PLACEHOLDER_REPLACE_WITH_INBASE_SEQUENCE,PLACEHOLDER_REPLACE_WITH_INBASE_SEQUENCE,Not compatible
Npu-PCC73102 DnaE,Neq Pol,Nostoc punctiforme PCC73102,Nanoarchaeum equitans,DnaE,Pol,BBa_25E6N642,BBa_257FZ9V0,PLACEHOLDER_REPLACE_WITH_INBASE_SEQUENCE,PLACEHOLDER_REPLACE_WITH_INBASE_SEQUENCE,Not compatible
Npu-PCC73102 DnaE,Sce VMA,Nostoc punctiforme PCC73102,Saccharomyces cerevisiae,DnaE,VMA,BBa_25E6N642,BBa_253EQDGS,PLACEHOLDER_REPLACE_WITH_INBASE_SEQUENCE,PLACEHOLDER_REPLACE_WITH_INBASE_SEQUENCE,Not compatible
Maer-NIES843 DnaE,Ssp DnaE,Microcystis aeruginosa NIES843,Synechocystis sp. PCC6803,DnaE,DnaE,BBa_25KLG34K,BBa_25DAKQQ8,PLACEHOLDER_REPLACE_WITH_INBASE_SEQUENCE,CFNGTAVGAKLNPQQMGQIERFNYGPTCQQYAAQALQDYLKQHQEKIQKQLAQRLADLQKQVRDLQHEVNARLATDHDLNQQMKQFNEQLKKQLTPQMQHRLQQELQKQIQDLQAQYNQL,Linearise
Maer-NIES843 DnaE,Ter DnaE-3,Microcystis aeruginosa NIES843,Trichodesmium erythraeum,DnaE,DnaE,BBa_25KLG34K,BBa_25KKVAEW,PLACEHOLDER_REPLACE_WITH_INBASE_SEQUENCE,PLACEHOLDER_REPLACE_WITH_INBASE_SEQUENCE,Linearise
Maer-NIES843 DnaE,Tvu DnaE,Microcystis aeruginosa NIES843,Thermosynechococcus vulcanus,DnaE,DnaE,BBa_25KLG34K,BBa_25A9PDOX,PLACEHOLDER_REPLACE_WITH_INBASE_SEQUENCE,PLACEHOLDER_REPLACE_WITH_INBASE_SEQUENCE,Linearise
Maer-NIES843 DnaE,Sel-PCC6301 DnaE,Microcystis aeruginosa NIES843,Synechococcus elongatus PCC6301,DnaE,DnaE,BBa_25KLG34K,BBa_25IB6RAW,PLACEHOLDER_REPLACE_WITH_INBASE_SEQUENCE,PLACEHOLDER_REPLACE_WITH_INBASE_SEQUENCE,Linearise
Maer-NIES843 DnaE,Sel-PC7942 DnaE,Microcystis aeruginosa NIES843,Synechococcus elongatus PC7942,DnaE,DnaE,BBa_25KLG34K,BBa_25AHFHPM,PLACEHOLDER_REPLACE_WITH_INBASE_SEQUENCE,PLACEHOLDER_REPLACE_WITH_INBASE_SEQUENCE,Linearise
Maer-NIES843 DnaE,Oli DnaE,Microcystis aeruginosa NIES843,Oscillatoria limnetica,DnaE,DnaE,BBa_25KLG34K,BBa_25F6FPLB,PLACEHOLDER_REPLACE_WITH_INBASE_SEQUENCE,PLACEHOLDER_REPLACE_WITH_INBASE_SEQUENCE,Linearise
Maer-NIES843 DnaE,Nsp-PCC7120 DnaE,Microcystis aeruginosa NIES843,Nostoc sp. PCC7120,DnaE,DnaE,BBa_25KLG34K,BBa_25WMHS8N,PLACEHOLDER_REPLACE_WITH_INBASE_SEQUENCE,PLACEHOLDER_REPLACE_WITH_INBASE_SEQUENCE,Linearise
Maer-NIES843 DnaE,Npu-PCC73102 DnaE,Microcystis aeruginosa NIES843,Nostoc punctiforme PCC73102,DnaE,DnaE,BBa_25KLG34K,BBa_25GW1TDZ,PLACEHOLDER_REPLACE_WITH_INBASE_SEQUENCE,PLACEHOLDER_REPLACE_WITH_INBASE_SEQUENCE,Linearise
Maer-NIES843 DnaE,Maer-NIES843 DnaE,Microcystis aeruginosa NIES843,Microcystis aeruginosa NIES843,DnaE,DnaE,BBa_25KLG34K,BBa_25F8C5ZQ,PLACEHOLDER_REPLACE_WITH_INBASE_SEQUENCE,PLACEHOLDER_REPLACE_WITH_INBASE_SEQUENCE,Circularise
Maer-NIES843 DnaE,Cwa DnaE,Microcystis aeruginosa NIES843,Crocosphaera watsonii,DnaE,DnaE,BBa_25KLG34K,BBa_25WI3QZ0,PLACEHOLDER_REPLACE_WITH_INBASE_SEQUENCE,PLACEHOLDER_REPLACE_WITH_INBASE_SEQUENCE,Linearise
Maer-NIES843 DnaE,Csp-PCC8801 DnaE,Microcystis aeruginosa NIES843,Cyanothece sp. PCC8801,DnaE,DnaE,BBa_25KLG34K,BBa_255BD5ZB,PLACEHOLDER_REPLACE_WITH_INBASE_SEQUENCE,PLACEHOLDER_REPLACE_WITH_INBASE_SEQUENCE,Linearise
Maer-NIES843 DnaE,Csp-PCC7424 DnaE,Microcystis aeruginosa NIES843,Cyanothece sp. PCC7424,DnaE,DnaE,BBa_25KLG34K,BBa_25HBUDUF,PLACEHOLDER_REPLACE_WITH_INBASE_SEQUENCE,PLACEHOLDER_REPLACE_WITH_INBASE_SEQUENCE,Linearise
Maer-NIES843 DnaE,Csp-CCY0110 DnaE,Microcystis aeruginosa NIES843,Cyanothece sp. CCY0110,DnaE,DnaE,BBa_25KLG34K,BBa_25KRZ21R,PLACEHOLDER_REPLACE_WITH_INBASE_SEQUENCE,PLACEHOLDER_REPLACE_WITH_INBASE_SEQUENCE,Linearise
Maer-NIES843 DnaE,Cra-CS505 DnaE,Microcystis aeruginosa NIES843,Cylindrospermopsis raciborskii,DnaE,DnaE,BBa_25KLG34K,BBa_25JWTAOY,PLACEHOLDER_REPLACE_WITH_INBASE_SEQUENCE,PLACEHOLDER_REPLACE_WITH_INBASE_SEQUENCE,Linearise
Maer-NIES843 DnaE,Ava DnaE,Microcystis aeruginosa NIES843,Anabaena variabilis,DnaE,DnaE,BBa_25KLG34K,BBa_25ZF1QF5,PLACEHOLDER_REPLACE_WITH_INBASE_SEQUENCE,PLACEHOLDER_REPLACE_WITH_INBASE_SEQUENCE,Linearise
Maer-NIES843 DnaE,Aha DnaE,Microcystis aeruginosa NIES843,Aphanothece halophytica,DnaE,DnaE,BBa_25KLG34K,BBa_25Z1ZFPY,PLACEHOLDER_REPLACE_WITH_INBASE_SEQUENCE,PLACEHOLDER_REPLACE_WITH_INBASE_SEQUENCE,Linearise
Maer-NIES843 DnaE,Aov DnaE,Microcystis aeruginosa NIES843,Aphanizomenon ovalisporum,DnaE,DnaE,BBa_25KLG34K,BBa_25IKNR5T,PLACEHOLDER_REPLACE_WITH_INBASE_SEQUENCE,PLACEHOLDER_REPLACE_WITH_INBASE_SEQUENCE,Linearise
Maer-NIES843 DnaE,Mtu-T17 RecA,Microcystis aeruginosa NIES843,Mycobacterium tuberculosis,DnaE,RecA,BBa_25KLG34K,BBa_25YYMD7Z,PLACEHOLDER_REPLACE_WITH_INBASE_SEQUENCE,PLACEHOLDER_REPLACE_WITH_INBASE_SEQUENCE,Not compatible
Maer-NIES843 DnaE,Dra Snf2,Microcystis aeruginosa NIES843,Deinococcus radiodurans,DnaE,Snf2,BBa_25KLG34K,BBa_25ZJCBN6,PLACEHOLDER_REPLACE_WITH_INBASE_SEQUENCE,PLACEHOLDER_REPLACE_WITH_INBASE_SEQUENCE,Not compatible
Maer-NIES843 DnaE,Neq Pol,Microcystis aeruginosa NIES843,Nanoarchaeum equitans,DnaE,Pol,BBa_25KLG34K,BBa_257FZ9V0,PLACEHOLDER_REPLACE_WITH_INBASE_SEQUENCE,PLACEHOLDER_REPLACE_WITH_INBASE_SEQUENCE,Not compatible
Maer-NIES843 DnaE,Sce VMA,Microcystis aeruginosa NIES843,Saccharomyces cerevisiae,DnaE,VMA,BBa_25KLG34K,BBa_253EQDGS,PLACEHOLDER_REPLACE_WITH_INBASE_SEQUENCE,PLACEHOLDER_REPLACE_WITH_INBASE_SEQUENCE,Not compatible
Cwa DnaE,Ssp DnaE,Crocosphaera watsonii,Synechocystis sp. PCC6803,DnaE,DnaE,BBa_25P1R6TZ,BBa_25DAKQQ8,PLACEHOLDER_REPLACE_WITH_INBASE_SEQUENCE,CFNGTAVGAKLNPQQMGQIERFNYGPTCQQYAAQALQDYLKQHQEKIQKQLAQRLADLQKQVRDLQHEVNARLATDHDLNQQMKQFNEQLKKQLTPQMQHRLQQELQKQIQDLQAQYNQL,Linearise
Cwa DnaE,Ter DnaE-3,Crocosphaera watsonii,Trichodesmium erythraeum,DnaE,DnaE,BBa_25P1R6TZ,BBa_25KKVAEW,PLACEHOLDER_REPLACE_WITH_INBASE_SEQUENCE,PLACEHOLDER_REPLACE_WITH_INBASE_SEQUENCE,Linearise
Cwa DnaE,Tvu DnaE,Crocosphaera watsonii,Thermosynechococcus vulcanus,DnaE,DnaE,BBa_25P1R6TZ,BBa_25A9PDOX,PLACEHOLDER_REPLACE_WITH_INBASE_SEQUENCE,PLACEHOLDER_REPLACE_WITH_INBASE_SEQUENCE,Linearise
Cwa DnaE,Sel-PCC6301 DnaE,Crocosphaera watsonii,Synechococcus elongatus PCC6301,DnaE,DnaE,BBa_25P1R6TZ,BBa_25IB6RAW,PLACEHOLDER_REPLACE_WITH_INBASE_SEQUENCE,PLACEHOLDER_REPLACE_WITH_INBASE_SEQUENCE,Linearise
Cwa DnaE,Sel-PC7942 DnaE,Crocosphaera watsonii,Synechococcus elongatus PC7942,DnaE,DnaE,BBa_25P1R6TZ,BBa_25AHFHPM,PLACEHOLDER_REPLACE_WITH_INBASE_SEQUENCE,PLACEHOLDER_REPLACE_WITH_INBASE_SEQUENCE,Linearise
Cwa DnaE,Oli DnaE,Crocosphaera watsonii,Oscillatoria limnetica,DnaE,DnaE,BBa_25P1R6TZ,BBa_25F6FPLB,PLACEHOLDER_REPLACE_WITH_INBASE_SEQUENCE,PLACEHOLDER_REPLACE_WITH_INBASE_SEQUENCE,Linearise
Cwa DnaE,Nsp-PCC7120 DnaE,Crocosphaera watsonii,Nostoc sp. PCC7120,DnaE,DnaE,BBa_25P1R6TZ,BBa_25WMHS8N,PLACEHOLDER_REPLACE_WITH_INBASE_SEQUENCE,PLACEHOLDER_REPLACE_WITH_INBASE_SEQUENCE,Linearise
Cwa DnaE,Npu-PCC73102 DnaE,Crocosphaera watsonii,Nostoc punctiforme PCC73102,DnaE,DnaE,BBa_25P1R6TZ,BBa_25GW1TDZ,PLACEHOLDER_REPLACE_WITH_INBASE_SEQUENCE,PLACEHOLDER_REPLACE_WITH_INBASE_SEQUENCE,Linearise
Cwa DnaE,Maer-NIES843 DnaE,Crocosphaera watsonii,Microcystis aeruginosa NIES843,DnaE,DnaE,BBa_25P1R6TZ,BBa_25F8C5ZQ,PLACEHOLDER_REPLACE_WITH_INBASE_SEQUENCE,PLACEHOLDER_REPLACE_WITH_INBASE_SEQUENCE,Linearise
Cwa DnaE,Cwa DnaE,Crocosphaera watsonii,Crocosphaera watsonii,DnaE,DnaE,BBa_25P1R6TZ,BBa_25WI3QZ0,PLACEHOLDER_REPLACE_WITH_INBASE_SEQUENCE,PLACEHOLDER_REPLACE_WITH_INBASE_SEQUENCE,Circularise
Cwa DnaE,Csp-PCC8801 DnaE,Crocosphaera watsonii,Cyanothece sp. PCC8801,DnaE,DnaE,BBa_25P1R6TZ,BBa_255BD5ZB,PLACEHOLDER_REPLACE_WITH_INBASE_SEQUENCE,PLACEHOLDER_REPLACE_WITH_INBASE_SEQUENCE,Linearise
Cwa DnaE,Csp-PCC7424 DnaE,Crocosphaera watsonii,Cyanothece sp. PCC7424,DnaE,DnaE,BBa_25P1R6TZ,BBa_25HBUDUF,PLACEHOLDER_REPLACE_WITH_INBASE_SEQUENCE,PLACEHOLDER_REPLACE_WITH_INBASE_SEQUENCE,Linearise
Cwa DnaE,Csp-CCY0110 DnaE,Crocosphaera watsonii,Cyanothece sp. CCY0110,DnaE,DnaE,BBa_25P1R6TZ,BBa_25KRZ21R,PLACEHOLDER_REPLACE_WITH_INBASE_SEQUENCE,PLACEHOLDER_REPLACE_WITH_INBASE_SEQUENCE,Linearise
Cwa DnaE,Cra-CS505 DnaE,Crocosphaera watsonii,Cylindrospermopsis raciborskii,DnaE,DnaE,BBa_25P1R6TZ,BBa_25JWTAOY,PLACEHOLDER_REPLACE_WITH_INBASE_SEQUENCE,PLACEHOLDER_REPLACE_WITH_INBASE_SEQUENCE,Linearise
Cwa DnaE,Ava DnaE,Crocosphaera watsonii,Anabaena variabilis,DnaE,DnaE,BBa_25P1R6TZ,BBa_25ZF1QF5,PLACEHOLDER_REPLACE_WITH_INBASE_SEQUENCE,PLACEHOLDER_REPLACE_WITH_INBASE_SEQUENCE,Linearise
Cwa DnaE,Aha DnaE,Crocosphaera watsonii,Aphanothece halophytica,DnaE,DnaE,BBa_25P1R6TZ,BBa_25Z1ZFPY,PLACEHOLDER_REPLACE_WITH_INBASE_SEQUENCE,PLACEHOLDER_REPLACE_WITH_INBASE_SEQUENCE,Linearise
Cwa DnaE,Aov DnaE,Crocosphaera watsonii,Aphanizomenon ovalisporum,DnaE,DnaE,BBa_25P1R6TZ,BBa_25IKNR5T,PLACEHOLDER_REPLACE_WITH_INBASE_SEQUENCE,PLACEHOLDER_REPLACE_WITH_INBASE_SEQUENCE,Linearise
Cwa DnaE,Mtu-T17 RecA,Crocosphaera watsonii,Mycobacterium tuberculosis,DnaE,RecA,BBa_25P1R6TZ,BBa_25YYMD7Z,PLACEHOLDER_REPLACE_WITH_INBASE_SEQUENCE,PLACEHOLDER_REPLACE_WITH_INBASE_SEQUENCE,Not compatible
Cwa DnaE,Dra Snf2,Crocosphaera watsonii,Deinococcus radiodurans,DnaE,Snf2,BBa_25P1R6TZ,BBa_25ZJCBN6,PLACEHOLDER_REPLACE_WITH_INBASE_SEQUENCE,PLACEHOLDER_REPLACE_WITH_INBASE_SEQUENCE,Not compatible
Cwa DnaE,Neq Pol,Crocosphaera watsonii,Nanoarchaeum equitans,DnaE,Pol,BBa_25P1R6TZ,BBa_257FZ9V0,PLACEHOLDER_REPLACE_WITH_INBASE_SEQUENCE,PLACEHOLDER_REPLACE_WITH_INBASE_SEQUENCE,Not compatible
Cwa DnaE,Sce VMA,Crocosphaera watsonii,Saccharomyces cerevisiae,DnaE,VMA,BBa_25P1R6TZ,BBa_253EQDGS,PLACEHOLDER_REPLACE_WITH_INBASE_SEQUENCE,PLACEHOLDER_REPLACE_WITH_INBASE_SEQUENCE,Not compatible
Csp-PCC8801 DnaE,Ssp DnaE,Cyanothece sp. PCC8801,Synechocystis sp. PCC6803,DnaE,DnaE,BBa_25IGRU14,BBa_25DAKQQ8,PLACEHOLDER_REPLACE_WITH_INBASE_SEQUENCE,CFNGTAVGAKLNPQQMGQIERFNYGPTCQQYAAQALQDYLKQHQEKIQKQLAQRLADLQKQVRDLQHEVNARLATDHDLNQQMKQFNEQLKKQLTPQMQHRLQQELQKQIQDLQAQYNQL,Linearise
Csp-PCC8801 DnaE,Ter DnaE-3,Cyanothece sp. PCC8801,Trichodesmium erythraeum,DnaE,DnaE,BBa_25IGRU14,BBa_25KKVAEW,PLACEHOLDER_REPLACE_WITH_INBASE_SEQUENCE,PLACEHOLDER_REPLACE_WITH_INBASE_SEQUENCE,Linearise
Csp-PCC8801 DnaE,Tvu DnaE,Cyanothece sp. PCC8801,Thermosynechococcus vulcanus,DnaE,DnaE,BBa_25IGRU14,BBa_25A9PDOX,PLACEHOLDER_REPLACE_WITH_INBASE_SEQUENCE,PLACEHOLDER_REPLACE_WITH_INBASE_SEQUENCE,Linearise
Csp-PCC8801 DnaE,Sel-PCC6301 DnaE,Cyanothece sp. PCC8801,Synechococcus elongatus PCC6301,DnaE,DnaE,BBa_25IGRU14,BBa_25IB6RAW,PLACEHOLDER_REPLACE_WITH_INBASE_SEQUENCE,PLACEHOLDER_REPLACE_WITH_INBASE_SEQUENCE,Linearise
Csp-PCC8801 DnaE,Sel-PC7942 DnaE,Cyanothece sp. PCC8801,Synechococcus elongatus PC7942,DnaE,DnaE,BBa_25IGRU14,BBa_25AHFHPM,PLACEHOLDER_REPLACE_WITH_INBASE_SEQUENCE,PLACEHOLDER_REPLACE_WITH_INBASE_SEQUENCE,Linearise
Csp-PCC8801 DnaE,Oli DnaE,Cyanothece sp. PCC8801,Oscillatoria limnetica,DnaE,DnaE,BBa_25IGRU14,BBa_25F6FPLB,PLACEHOLDER_REPLACE_WITH_INBASE_SEQUENCE,PLACEHOLDER_REPLACE_WITH_INBASE_SEQUENCE,Linearise
Csp-PCC8801 DnaE,Nsp-PCC7120 DnaE,Cyanothece sp. PCC8801,Nostoc sp. PCC7120,DnaE,DnaE,BBa_25IGRU14,BBa_25WMHS8N,PLACEHOLDER_REPLACE_WITH_INBASE_SEQUENCE,PLACEHOLDER_REPLACE_WITH_INBASE_SEQUENCE,Linearise
Csp-PCC8801 DnaE,Npu-PCC73102 DnaE,Cyanothece sp. PCC8801,Nostoc punctiforme PCC73102,DnaE,DnaE,BBa_25IGRU14,BBa_25GW1TDZ,PLACEHOLDER_REPLACE_WITH_INBASE_SEQUENCE,PLACEHOLDER_REPLACE_WITH_INBASE_SEQUENCE,Linearise
Csp-PCC8801 DnaE,Maer-NIES843 DnaE,Cyanothece sp. PCC8801,Microcystis aeruginosa NIES843,DnaE,DnaE,BBa_25IGRU14,BBa_25F8C5ZQ,PLACEHOLDER_REPLACE_WITH_INBASE_SEQUENCE,PLACEHOLDER_REPLACE_WITH_INBASE_SEQUENCE,Linearise
Csp-PCC8801 DnaE,Cwa DnaE,Cyanothece sp. PCC8801,Crocosphaera watsonii,DnaE,DnaE,BBa_25IGRU14,BBa_25WI3QZ0,PLACEHOLDER_REPLACE_WITH_INBASE_SEQUENCE,PLACEHOLDER_REPLACE_WITH_INBASE_SEQUENCE,Linearise
Csp-PCC8801 DnaE,Csp-PCC8801 DnaE,Cyanothece sp. PCC8801,Cyanothece sp. PCC8801,DnaE,DnaE,BBa_25IGRU14,BBa_255BD5ZB,PLACEHOLDER_REPLACE_WITH_INBASE_SEQUENCE,PLACEHOLDER_REPLACE_WITH_INBASE_SEQUENCE,Circularise
Csp-PCC8801 DnaE,Csp-PCC7424 DnaE,Cyanothece sp. PCC8801,Cyanothece sp. PCC7424,DnaE,DnaE,BBa_25IGRU14,BBa_25HBUDUF,PLACEHOLDER_REPLACE_WITH_INBASE_SEQUENCE,PLACEHOLDER_REPLACE_WITH_INBASE_SEQUENCE,Linearise
Csp-PCC8801 DnaE,Csp-CCY0110 DnaE,Cyanothece sp. PCC8801,Cyanothece sp. CCY0110,DnaE,DnaE,BBa_25IGRU14,BBa_25KRZ21R,PLACEHOLDER_REPLACE_WITH_INBASE_SEQUENCE,PLACEHOLDER_REPLACE_WITH_INBASE_SEQUENCE,Linearise
Csp-PCC8801 DnaE,Cra-CS505 DnaE,Cyanothece sp. PCC8801,Cylindrospermopsis raciborskii,DnaE,DnaE,BBa_25IGRU14,BBa_25JWTAOY,PLACEHOLDER_REPLACE_WITH_INBASE_SEQUENCE,PLACEHOLDER_REPLACE_WITH_INBASE_SEQUENCE,Linearise
Csp-PCC8801 DnaE,Ava DnaE,Cyanothece sp. PCC8801,Anabaena variabilis,DnaE,DnaE,BBa_25IGRU14,BBa_25ZF1QF5,PLACEHOLDER_REPLACE_WITH_INBASE_SEQUENCE,PLACEHOLDER_REPLACE_WITH_INBASE_SEQUENCE,Linearise
Csp-PCC8801 DnaE,Aha DnaE,Cyanothece sp. PCC8801,Aphanothece halophytica,DnaE,DnaE,BBa_25IGRU14,BBa_25Z1ZFPY,PLACEHOLDER_REPLACE_WITH_INBASE_SEQUENCE,PLACEHOLDER_REPLACE_WITH_INBASE_SEQUENCE,Linearise
Csp-PCC8801 DnaE,Aov DnaE,Cyanothece sp. PCC8801,Aphanizomenon ovalisporum,DnaE,DnaE,BBa_25IGRU14,BBa_25IKNR5T,PLACEHOLDER_REPLACE_WITH_INBASE_SEQUENCE,PLACEHOLDER_REPLACE_WITH_INBASE_SEQUENCE,Linearise
Csp-PCC8801 DnaE,Mtu-T17 RecA,Cyanothece sp. PCC8801,Mycobacterium tuberculosis,DnaE,RecA,BBa_25IGRU14,BBa_25YYMD7Z,PLACEHOLDER_REPLACE_WITH_INBASE_SEQUENCE,PLACEHOLDER_REPLACE_WITH_INBASE_SEQUENCE,Not compatible
Csp-PCC8801 DnaE,Dra Snf2,Cyanothece sp. PCC8801,Deinococcus radiodurans,DnaE,Snf2,BBa_25IGRU14,BBa_25ZJCBN6,PLACEHOLDER_REPLACE_WITH_INBASE_SEQUENCE,PLACEHOLDER_REPLACE_WITH_INBASE_SEQUENCE,Not compatible
Csp-PCC8801 DnaE,Neq Pol,Cyanothece sp. PCC8801,Nanoarchaeum equitans,DnaE,Pol,BBa_25IGRU14,BBa_257FZ9V0,PLACEHOLDER_REPLACE_WITH_INBASE_SEQUENCE,PLACEHOLDER_REPLACE_WITH_INBASE_SEQUENCE,Not compatible
Csp-PCC8801 DnaE,Sce VMA,Cyanothece sp. PCC8801,Saccharomyces cerevisiae,DnaE,VMA,BBa_25IGRU14,BBa_253EQDGS,PLACEHOLDER_REPLACE_WITH_INBASE_SEQUENCE,PLACEHOLDER_REPLACE_WITH_INBASE_SEQUENCE,Not compatible
Csp-PCC7424 DnaE,Ssp DnaE,Cyanothece sp. PCC7424,Synechocystis sp. PCC6803,DnaE,DnaE,BBa_25RPMZQA,BBa_25DAKQQ8,PLACEHOLDER_REPLACE_WITH_INBASE_SEQUENCE,CFNGTAVGAKLNPQQMGQIERFNYGPTCQQYAAQALQDYLKQHQEKIQKQLAQRLADLQKQVRDLQHEVNARLATDHDLNQQMKQFNEQLKKQLTPQMQHRLQQELQKQIQDLQAQYNQL,Linearise
Csp-PCC7424 DnaE,Ter DnaE-3,Cyanothece sp. PCC7424,Trichodesmium erythraeum,DnaE,DnaE,BBa_25RPMZQA,BBa_25KKVAEW,PLACEHOLDER_REPLACE_WITH_INBASE_SEQUENCE,PLACEHOLDER_REPLACE_WITH_INBASE_SEQUENCE,Linearise
Csp-PCC7424 DnaE,Tvu DnaE,Cyanothece sp. PCC7424,Thermosynechococcus vulcanus,DnaE,DnaE,BBa_25RPMZQA,BBa_25A9PDOX,PLACEHOLDER_REPLACE_WITH_INBASE_SEQUENCE,PLACEHOLDER_REPLACE_WITH_INBASE_SEQUENCE,Linearise
Csp-PCC7424 DnaE,Sel-PCC6301 DnaE,Cyanothece sp. PCC7424,Synechococcus elongatus PCC6301,DnaE,DnaE,BBa_25RPMZQA,BBa_25IB6RAW,PLACEHOLDER_REPLACE_WITH_INBASE_SEQUENCE,PLACEHOLDER_REPLACE_WITH_INBASE_SEQUENCE,Linearise
Csp-PCC7424 DnaE,Sel-PC7942 DnaE,Cyanothece sp. PCC7424,Synechococcus elongatus PC7942,DnaE,DnaE,BBa_25RPMZQA,BBa_25AHFHPM,PLACEHOLDER_REPLACE_WITH_INBASE_SEQUENCE,PLACEHOLDER_REPLACE_WITH_INBASE_SEQUENCE,Linearise
Csp-PCC7424 DnaE,Oli DnaE,Cyanothece sp. PCC7424,Oscillatoria limnetica,DnaE,DnaE,BBa_25RPMZQA,BBa_25F6FPLB,PLACEHOLDER_REPLACE_WITH_INBASE_SEQUENCE,PLACEHOLDER_REPLACE_WITH_INBASE_SEQUENCE,Linearise
Csp-PCC7424 DnaE,Nsp-PCC7120 DnaE,Cyanothece sp. PCC7424,Nostoc sp. PCC7120,DnaE,DnaE,BBa_25RPMZQA,BBa_25WMHS8N,PLACEHOLDER_REPLACE_WITH_INBASE_SEQUENCE,PLACEHOLDER_REPLACE_WITH_INBASE_SEQUENCE,Linearise
Csp-PCC7424 DnaE,Npu-PCC73102 DnaE,Cyanothece sp. PCC7424,Nostoc punctiforme PCC73102,DnaE,DnaE,BBa_25RPMZQA,BBa_25GW1TDZ,PLACEHOLDER_REPLACE_WITH_INBASE_SEQUENCE,PLACEHOLDER_REPLACE_WITH_INBASE_SEQUENCE,Linearise
Csp-PCC7424 DnaE,Maer-NIES843 DnaE,Cyanothece sp. PCC7424,Microcystis aeruginosa NIES843,DnaE,DnaE,BBa_25RPMZQA,BBa_25F8C5ZQ,PLACEHOLDER_REPLACE_WITH_INBASE_SEQUENCE,PLACEHOLDER_REPLACE_WITH_INBASE_SEQUENCE,Linearise
Csp-PCC7424 DnaE,Cwa DnaE,Cyanothece sp. PCC7424,Crocosphaera watsonii,DnaE,DnaE,BBa_25RPMZQA,BBa_25WI3QZ0,PLACEHOLDER_REPLACE_WITH_INBASE_SEQUENCE,PLACEHOLDER_REPLACE_WITH_INBASE_SEQUENCE,Linearise
Csp-PCC7424 DnaE,Csp-PCC8801 DnaE,Cyanothece sp. PCC7424,Cyanothece sp. PCC8801,DnaE,DnaE,BBa_25RPMZQA,BBa_255BD5ZB,PLACEHOLDER_REPLACE_WITH_INBASE_SEQUENCE,PLACEHOLDER_REPLACE_WITH_INBASE_SEQUENCE,Linearise
Csp-PCC7424 DnaE,Csp-PCC7424 DnaE,Cyanothece sp. PCC7424,Cyanothece sp. PCC7424,DnaE,DnaE,BBa_25RPMZQA,BBa_25HBUDUF,PLACEHOLDER_REPLACE_WITH_INBASE_SEQUENCE,PLACEHOLDER_REPLACE_WITH_INBASE_SEQUENCE,Circularise
Csp-PCC7424 DnaE,Csp-CCY0110 DnaE,Cyanothece sp. PCC7424,Cyanothece sp. CCY0110,DnaE,DnaE,BBa_25RPMZQA,BBa_25KRZ21R,PLACEHOLDER_REPLACE_WITH_INBASE_SEQUENCE,PLACEHOLDER_REPLACE_WITH_INBASE_SEQUENCE,Linearise
Csp-PCC7424 DnaE,Cra-CS505 DnaE,Cyanothece sp. PCC7424,Cylindrospermopsis raciborskii,DnaE,DnaE,BBa_25RPMZQA,BBa_25JWTAOY,PLACEHOLDER_REPLACE_WITH_INBASE_SEQUENCE,PLACEHOLDER_REPLACE_WITH_INBASE_SEQUENCE,Linearise
Csp-PCC7424 DnaE,Ava DnaE,Cyanothece sp. PCC7424,Anabaena variabilis,DnaE,DnaE,BBa_25RPMZQA,BBa_25ZF1QF5,PLACEHOLDER_REPLACE_WITH_INBASE_SEQUENCE,PLACEHOLDER_REPLACE_WITH_INBASE_SEQUENCE,Linearise
Csp-PCC7424 DnaE,Aha DnaE,Cyanothece sp. PCC7424,Aphanothece halophytica,DnaE,DnaE,BBa_25RPMZQA,BBa_25Z1ZFPY,PLACEHOLDER_REPLACE_WITH_INBASE_SEQUENCE,PLACEHOLDER_REPLACE_WITH_INBASE_SEQUENCE,Linearise
Csp-PCC7424 DnaE,Aov DnaE,Cyanothece sp. PCC7424,Aphanizomenon ovalisporum,DnaE,DnaE,BBa_25RPMZQA,BBa_25IKNR5T,PLACEHOLDER_REPLACE_WITH_INBASE_SEQUENCE,PLACEHOLDER_REPLACE_WITH_INBASE_SEQUENCE,Linearise
Csp-PCC7424 DnaE,Mtu-T17 RecA,Cyanothece sp. PCC7424,Mycobacterium tuberculosis,DnaE,RecA,BBa_25RPMZQA,BBa_25YYMD7Z,PLACEHOLDER_REPLACE_WITH_INBASE_SEQUENCE,PLACEHOLDER_REPLACE_WITH_INBASE_SEQUENCE,Not compatible
Csp-PCC7424 DnaE,Dra Snf2,Cyanothece sp. PCC7424,Deinococcus radiodurans,DnaE,Snf2,BBa_25RPMZQA,BBa_25ZJCBN6,PLACEHOLDER_REPLACE_WITH_INBASE_SEQUENCE,PLACEHOLDER_REPLACE_WITH_INBASE_SEQUENCE,Not compatible
Csp-PCC7424 DnaE,Neq Pol,Cyanothece sp. PCC7424,Nanoarchaeum equitans,DnaE,Pol,BBa_25RPMZQA,BBa_257FZ9V0,PLACEHOLDER_REPLACE_WITH_INBASE_SEQUENCE,PLACEHOLDER_REPLACE_WITH_INBASE_SEQUENCE,Not compatible
Csp-PCC7424 DnaE,Sce VMA,Cyanothece sp. PCC7424,Saccharomyces cerevisiae,DnaE,VMA,BBa_25RPMZQA,BBa_253EQDGS,PLACEHOLDER_REPLACE_WITH_INBASE_SEQUENCE,PLACEHOLDER_REPLACE_WITH_INBASE_SEQUENCE,Not compatible
Csp-CCY0110 DnaE,Ssp DnaE,Cyanothece sp. CCY0110,Synechocystis sp. PCC6803,DnaE,DnaE,BBa_25G95DLK,BBa_25DAKQQ8,PLACEHOLDER_REPLACE_WITH_INBASE_SEQUENCE,CFNGTAVGAKLNPQQMGQIERFNYGPTCQQYAAQALQDYLKQHQEKIQKQLAQRLADLQKQVRDLQHEVNARLATDHDLNQQMKQFNEQLKKQLTPQMQHRLQQELQKQIQDLQAQYNQL,Linearise
Csp-CCY0110 DnaE,Ter DnaE-3,Cyanothece sp. CCY0110,Trichodesmium erythraeum,DnaE,DnaE,BBa_25G95DLK,BBa_25KKVAEW,PLACEHOLDER_REPLACE_WITH_INBASE_SEQUENCE,PLACEHOLDER_REPLACE_WITH_INBASE_SEQUENCE,Linearise
Csp-CCY0110 DnaE,Tvu DnaE,Cyanothece sp. CCY0110,Thermosynechococcus vulcanus,DnaE,DnaE,BBa_25G95DLK,BBa_25A9PDOX,PLACEHOLDER_REPLACE_WITH_INBASE_SEQUENCE,PLACEHOLDER_REPLACE_WITH_INBASE_SEQUENCE,Linearise
Csp-CCY0110 DnaE,Sel-PCC6301 DnaE,Cyanothece sp. CCY0110,Synechococcus elongatus PCC6301,DnaE,DnaE,BBa_25G95DLK,BBa_25IB6RAW,PLACEHOLDER_REPLACE_WITH_INBASE_SEQUENCE,PLACEHOLDER_REPLACE_WITH_INBASE_SEQUENCE,Linearise
Csp-CCY0110 DnaE,Sel-PC7942 DnaE,Cyanothece sp. CCY0110,Synechococcus elongatus PC7942,DnaE,DnaE,BBa_25G95DLK,BBa_25AHFHPM,PLACEHOLDER_REPLACE_WITH_INBASE_SEQUENCE,PLACEHOLDER_REPLACE_WITH_INBASE_SEQUENCE,Linearise
Csp-CCY0110 DnaE,Oli DnaE,Cyanothece sp. CCY0110,Oscillatoria limnetica,DnaE,DnaE,BBa_25G95DLK,BBa_25F6FPLB,PLACEHOLDER_REPLACE_WITH_INBASE_SEQUENCE,PLACEHOLDER_REPLACE_WITH_INBASE_SEQUENCE,Linearise
Csp-CCY0110 DnaE,Nsp-PCC7120 DnaE,Cyanothece sp. CCY0110,Nostoc sp. PCC7120,DnaE,DnaE,BBa_25G95DLK,BBa_25WMHS8N,PLACEHOLDER_REPLACE_WITH_INBASE_SEQUENCE,PLACEHOLDER_REPLACE_WITH_INBASE_SEQUENCE,Linearise
Csp-CCY0110 DnaE,Npu-PCC73102 DnaE,Cyanothece sp. CCY0110,Nostoc punctiforme PCC73102,DnaE,DnaE,BBa_25G95DLK,BBa_25GW1TDZ,PLACEHOLDER_REPLACE_WITH_INBASE_SEQUENCE,PLACEHOLDER_REPLACE_WITH_INBASE_SEQUENCE,Linearise
Csp-CCY0110 DnaE,Maer-NIES843 DnaE,Cyanothece sp. CCY0110,Microcystis aeruginosa NIES843,DnaE,DnaE,BBa_25G95DLK,BBa_25F8C5ZQ,PLACEHOLDER_REPLACE_WITH_INBASE_SEQUENCE,PLACEHOLDER_REPLACE_WITH_INBASE_SEQUENCE,Linearise
Csp-CCY0110 DnaE,Cwa DnaE,Cyanothece sp. CCY0110,Crocosphaera watsonii,DnaE,DnaE,BBa_25G95DLK,BBa_25WI3QZ0,PLACEHOLDER_REPLACE_WITH_INBASE_SEQUENCE,PLACEHOLDER_REPLACE_WITH_INBASE_SEQUENCE,Linearise
Csp-CCY0110 DnaE,Csp-PCC8801 DnaE,Cyanothece sp. CCY0110,Cyanothece sp. PCC8801,DnaE,DnaE,BBa_25G95DLK,BBa_255BD5ZB,PLACEHOLDER_REPLACE_WITH_INBASE_SEQUENCE,PLACEHOLDER_REPLACE_WITH_INBASE_SEQUENCE,Linearise
Csp-CCY0110 DnaE,Csp-PCC7424 DnaE,Cyanothece sp. CCY0110,Cyanothece sp. PCC7424,DnaE,DnaE,BBa_25G95DLK,BBa_25HBUDUF,PLACEHOLDER_REPLACE_WITH_INBASE_SEQUENCE,PLACEHOLDER_REPLACE_WITH_INBASE_SEQUENCE,Linearise
Csp-CCY0110 DnaE,Csp-CCY0110 DnaE,Cyanothece sp. CCY0110,Cyanothece sp. CCY0110,DnaE,DnaE,BBa_25G95DLK,BBa_25KRZ21R,PLACEHOLDER_REPLACE_WITH_INBASE_SEQUENCE,PLACEHOLDER_REPLACE_WITH_INBASE_SEQUENCE,Circularise
Csp-CCY0110 DnaE,Cra-CS505 DnaE,Cyanothece sp. CCY0110,Cylindrospermopsis raciborskii,DnaE,DnaE,BBa_25G95DLK,BBa_25JWTAOY,PLACEHOLDER_REPLACE_WITH_INBASE_SEQUENCE,PLACEHOLDER_REPLACE_WITH_INBASE_SEQUENCE,Linearise
Csp-CCY0110 DnaE,Ava DnaE,Cyanothece sp. CCY0110,Anabaena variabilis,DnaE,DnaE,BBa_25G95DLK,BBa_25ZF1QF5,PLACEHOLDER_REPLACE_WITH_INBASE_SEQUENCE,PLACEHOLDER_REPLACE_WITH_INBASE_SEQUENCE,Linearise
Csp-CCY0110 DnaE,Aha DnaE,Cyanothece sp. CCY0110,Aphanothece halophytica,DnaE,DnaE,BBa_25G95DLK,BBa_25Z1ZFPY,PLACEHOLDER_REPLACE_WITH_INBASE_SEQUENCE,PLACEHOLDER_REPLACE_WITH_INBASE_SEQUENCE,Linearise
Csp-CCY0110 DnaE,Aov DnaE,Cyanothece sp. CCY0110,Aphanizomenon ovalisporum,DnaE,DnaE,BBa_25G95DLK,BBa_25IKNR5T,PLACEHOLDER_REPLACE_WITH_INBASE_SEQUENCE,PLACEHOLDER_REPLACE_WITH_INBASE_SEQUENCE,Linearise
Csp-CCY0110 DnaE,Mtu-T17 RecA,Cyanothece sp. CCY0110,Mycobacterium tuberculosis,DnaE,RecA,BBa_25G95DLK,BBa_25YYMD7Z,PLACEHOLDER_REPLACE_WITH_INBASE_SEQUENCE,PLACEHOLDER_REPLACE_WITH_INBASE_SEQUENCE,Not compatible
Csp-CCY0110 DnaE,Dra Snf2,Cyanothece sp. CCY0110,Deinococcus radiodurans,DnaE,Snf2,BBa_25G95DLK,BBa_25ZJCBN6,PLACEHOLDER_REPLACE_WITH_INBASE_SEQUENCE,PLACEHOLDER_REPLACE_WITH_INBASE_SEQUENCE,Not compatible
Csp-CCY0110 DnaE,Neq Pol,Cyanothece sp. CCY0110,Nanoarchaeum equitans,DnaE,Pol,BBa_25G95DLK,BBa_257FZ9V0,PLACEHOLDER_REPLACE_WITH_INBASE_SEQUENCE,PLACEHOLDER_REPLACE_WITH_INBASE_SEQUENCE,Not compatible
Csp-CCY0110 DnaE,Sce VMA,Cyanothece sp. CCY0110,Saccharomyces cerevisiae,DnaE,VMA,BBa_25G95DLK,BBa_253EQDGS,PLACEHOLDER_REPLACE_WITH_INBASE_SEQUENCE,PLACEHOLDER_REPLACE_WITH_INBASE_SEQUENCE,Not compatible
Cra-CS505 DnaE,Ssp DnaE,Cylindrospermopsis raciborskii,Synechocystis sp. PCC6803,DnaE,DnaE,BBa_25Y30FDV,BBa_25DAKQQ8,PLACEHOLDER_REPLACE_WITH_INBASE_SEQUENCE,CFNGTAVGAKLNPQQMGQIERFNYGPTCQQYAAQALQDYLKQHQEKIQKQLAQRLADLQKQVRDLQHEVNARLATDHDLNQQMKQFNEQLKKQLTPQMQHRLQQELQKQIQDLQAQYNQL,Linearise
Cra-CS505 DnaE,Ter DnaE-3,Cylindrospermopsis raciborskii,Trichodesmium erythraeum,DnaE,DnaE,BBa_25Y30FDV,BBa_25KKVAEW,PLACEHOLDER_REPLACE_WITH_INBASE_SEQUENCE,PLACEHOLDER_REPLACE_WITH_INBASE_SEQUENCE,Linearise
Cra-CS505 DnaE,Tvu DnaE,Cylindrospermopsis raciborskii,Thermosynechococcus vulcanus,DnaE,DnaE,BBa_25Y30FDV,BBa_25A9PDOX,PLACEHOLDER_REPLACE_WITH_INBASE_SEQUENCE,PLACEHOLDER_REPLACE_WITH_INBASE_SEQUENCE,Linearise
Cra-CS505 DnaE,Sel-PCC6301 DnaE,Cylindrospermopsis raciborskii,Synechococcus elongatus PCC6301,DnaE,DnaE,BBa_25Y30FDV,BBa_25IB6RAW,PLACEHOLDER_REPLACE_WITH_INBASE_SEQUENCE,PLACEHOLDER_REPLACE_WITH_INBASE_SEQUENCE,Linearise
Cra-CS505 DnaE,Sel-PC7942 DnaE,Cylindrospermopsis raciborskii,Synechococcus elongatus PC7942,DnaE,DnaE,BBa_25Y30FDV,BBa_25AHFHPM,PLACEHOLDER_REPLACE_WITH_INBASE_SEQUENCE,PLACEHOLDER_REPLACE_WITH_INBASE_SEQUENCE,Linearise
Cra-CS505 DnaE,Oli DnaE,Cylindrospermopsis raciborskii,Oscillatoria limnetica,DnaE,DnaE,BBa_25Y30FDV,BBa_25F6FPLB,PLACEHOLDER_REPLACE_WITH_INBASE_SEQUENCE,PLACEHOLDER_REPLACE_WITH_INBASE_SEQUENCE,Linearise
Cra-CS505 DnaE,Nsp-PCC7120 DnaE,Cylindrospermopsis raciborskii,Nostoc sp. PCC7120,DnaE,DnaE,BBa_25Y30FDV,BBa_25WMHS8N,PLACEHOLDER_REPLACE_WITH_INBASE_SEQUENCE,PLACEHOLDER_REPLACE_WITH_INBASE_SEQUENCE,Linearise
Cra-CS505 DnaE,Npu-PCC73102 DnaE,Cylindrospermopsis raciborskii,Nostoc punctiforme PCC73102,DnaE,DnaE,BBa_25Y30FDV,BBa_25GW1TDZ,PLACEHOLDER_REPLACE_WITH_INBASE_SEQUENCE,PLACEHOLDER_REPLACE_WITH_INBASE_SEQUENCE,Linearise
Cra-CS505 DnaE,Maer-NIES843 DnaE,Cylindrospermopsis raciborskii,Microcystis aeruginosa NIES843,DnaE,DnaE,BBa_25Y30FDV,BBa_25F8C5ZQ,PLACEHOLDER_REPLACE_WITH_INBASE_SEQUENCE,PLACEHOLDER_REPLACE_WITH_INBASE_SEQUENCE,Linearise
Cra-CS505 DnaE,Cwa DnaE,Cylindrospermopsis raciborskii,Crocosphaera watsonii,DnaE,DnaE,BBa_25Y30FDV,BBa_25WI3QZ0,PLACEHOLDER_REPLACE_WITH_INBASE_SEQUENCE,PLACEHOLDER_REPLACE_WITH_INBASE_SEQUENCE,Linearise
Cra-CS505 DnaE,Csp-PCC8801 DnaE,Cylindrospermopsis raciborskii,Cyanothece sp. PCC8801,DnaE,DnaE,BBa_25Y30FDV,BBa_255BD5ZB,PLACEHOLDER_REPLACE_WITH_INBASE_SEQUENCE,PLACEHOLDER_REPLACE_WITH_INBASE_SEQUENCE,Linearise
Cra-CS505 DnaE,Csp-PCC7424 DnaE,Cylindrospermopsis raciborskii,Cyanothece sp. PCC7424,DnaE,DnaE,BBa_25Y30FDV,BBa_25HBUDUF,PLACEHOLDER_REPLACE_WITH_INBASE_SEQUENCE,PLACEHOLDER_REPLACE_WITH_INBASE_SEQUENCE,Linearise
Cra-CS505 DnaE,Csp-CCY0110 DnaE,Cylindrospermopsis raciborskii,Cyanothece sp. CCY0110,DnaE,DnaE,BBa_25Y30FDV,BBa_25KRZ21R,PLACEHOLDER_REPLACE_WITH_INBASE_SEQUENCE,PLACEHOLDER_REPLACE_WITH_INBASE_SEQUENCE,Linearise
Cra-CS505 DnaE,Cra-CS505 DnaE,Cylindrospermopsis raciborskii,Cylindrospermopsis raciborskii,DnaE,DnaE,BBa_25Y30FDV,BBa_25JWTAOY,PLACEHOLDER_REPLACE_WITH_INBASE_SEQUENCE,PLACEHOLDER_REPLACE_WITH_INBASE_SEQUENCE,Circularise
Cra-CS505 DnaE,Ava DnaE,Cylindrospermopsis raciborskii,Anabaena variabilis,DnaE,DnaE,BBa_25Y30FDV,BBa_25ZF1QF5,PLACEHOLDER_REPLACE_WITH_INBASE_SEQUENCE,PLACEHOLDER_REPLACE_WITH_INBASE_SEQUENCE,Linearise
Cra-CS505 DnaE,Aha DnaE,Cylindrospermopsis raciborskii,Aphanothece halophytica,DnaE,DnaE,BBa_25Y30FDV,BBa_25Z1ZFPY,PLACEHOLDER_REPLACE_WITH_INBASE_SEQUENCE,PLACEHOLDER_REPLACE_WITH_INBASE_SEQUENCE,Linearise
Cra-CS505 DnaE,Aov DnaE,Cylindrospermopsis raciborskii,Aphanizomenon ovalisporum,DnaE,DnaE,BBa_25Y30FDV,BBa_25IKNR5T,PLACEHOLDER_REPLACE_WITH_INBASE_SEQUENCE,PLACEHOLDER_REPLACE_WITH_INBASE_SEQUENCE,Linearise
Cra-CS505 DnaE,Mtu-T17 RecA,Cylindrospermopsis raciborskii,Mycobacterium tuberculosis,DnaE,RecA,BBa_25Y30FDV,BBa_25YYMD7Z,PLACEHOLDER_REPLACE_WITH_INBASE_SEQUENCE,PLACEHOLDER_REPLACE_WITH_INBASE_SEQUENCE,Not compatible
Cra-CS505 DnaE,Dra Snf2,Cylindrospermopsis raciborskii,Deinococcus radiodurans,DnaE,Snf2,BBa_25Y30FDV,BBa_25ZJCBN6,PLACEHOLDER_REPLACE_WITH_INBASE_SEQUENCE,PLACEHOLDER_REPLACE_WITH_INBASE_SEQUENCE,Not compatible
Cra-CS505 DnaE,Neq Pol,Cylindrospermopsis raciborskii,Nanoarchaeum equitans,DnaE,Pol,BBa_25Y30FDV,BBa_257FZ9V0,PLACEHOLDER_REPLACE_WITH_INBASE_SEQUENCE,PLACEHOLDER_REPLACE_WITH_INBASE_SEQUENCE,Not compatible
Cra-CS505 DnaE,Sce VMA,Cylindrospermopsis raciborskii,Saccharomyces cerevisiae,DnaE,VMA,BBa_25Y30FDV,BBa_253EQDGS,PLACEHOLDER_REPLACE_WITH_INBASE_SEQUENCE,PLACEHOLDER_REPLACE_WITH_INBASE_SEQUENCE,Not compatible
Ava DnaE,Ssp DnaE,Anabaena variabilis,Synechocystis sp. PCC6803,DnaE,DnaE,BBa_25FCPS4L,BBa_25DAKQQ8,PLACEHOLDER_REPLACE_WITH_INBASE_SEQUENCE,CFNGTAVGAKLNPQQMGQIERFNYGPTCQQYAAQALQDYLKQHQEKIQKQLAQRLADLQKQVRDLQHEVNARLATDHDLNQQMKQFNEQLKKQLTPQMQHRLQQELQKQIQDLQAQYNQL,Linearise
Ava DnaE,Ter DnaE-3,Anabaena variabilis,Trichodesmium erythraeum,DnaE,DnaE,BBa_25FCPS4L,BBa_25KKVAEW,PLACEHOLDER_REPLACE_WITH_INBASE_SEQUENCE,PLACEHOLDER_REPLACE_WITH_INBASE_SEQUENCE,Linearise
Ava DnaE,Tvu DnaE,Anabaena variabilis,Thermosynechococcus vulcanus,DnaE,DnaE,BBa_25FCPS4L,BBa_25A9PDOX,PLACEHOLDER_REPLACE_WITH_INBASE_SEQUENCE,PLACEHOLDER_REPLACE_WITH_INBASE_SEQUENCE,Linearise
Ava DnaE,Sel-PCC6301 DnaE,Anabaena variabilis,Synechococcus elongatus PCC6301,DnaE,DnaE,BBa_25FCPS4L,BBa_25IB6RAW,PLACEHOLDER_REPLACE_WITH_INBASE_SEQUENCE,PLACEHOLDER_REPLACE_WITH_INBASE_SEQUENCE,Linearise
Ava DnaE,Sel-PC7942 DnaE,Anabaena variabilis,Synechococcus elongatus PC7942,DnaE,DnaE,BBa_25FCPS4L,BBa_25AHFHPM,PLACEHOLDER_REPLACE_WITH_INBASE_SEQUENCE,PLACEHOLDER_REPLACE_WITH_INBASE_SEQUENCE,Linearise
Ava DnaE,Oli DnaE,Anabaena variabilis,Oscillatoria limnetica,DnaE,DnaE,BBa_25FCPS4L,BBa_25F6FPLB,PLACEHOLDER_REPLACE_WITH_INBASE_SEQUENCE,PLACEHOLDER_REPLACE_WITH_INBASE_SEQUENCE,Linearise
Ava DnaE,Nsp-PCC7120 DnaE,Anabaena variabilis,Nostoc sp. PCC7120,DnaE,DnaE,BBa_25FCPS4L,BBa_25WMHS8N,PLACEHOLDER_REPLACE_WITH_INBASE_SEQUENCE,PLACEHOLDER_REPLACE_WITH_INBASE_SEQUENCE,Linearise
Ava DnaE,Npu-PCC73102 DnaE,Anabaena variabilis,Nostoc punctiforme PCC73102,DnaE,DnaE,BBa_25FCPS4L,BBa_25GW1TDZ,PLACEHOLDER_REPLACE_WITH_INBASE_SEQUENCE,PLACEHOLDER_REPLACE_WITH_INBASE_SEQUENCE,Linearise
Ava DnaE,Maer-NIES843 DnaE,Anabaena variabilis,Microcystis aeruginosa NIES843,DnaE,DnaE,BBa_25FCPS4L,BBa_25F8C5ZQ,PLACEHOLDER_REPLACE_WITH_INBASE_SEQUENCE,PLACEHOLDER_REPLACE_WITH_INBASE_SEQUENCE,Linearise
Ava DnaE,Cwa DnaE,Anabaena variabilis,Crocosphaera watsonii,DnaE,DnaE,BBa_25FCPS4L,BBa_25WI3QZ0,PLACEHOLDER_REPLACE_WITH_INBASE_SEQUENCE,PLACEHOLDER_REPLACE_WITH_INBASE_SEQUENCE,Linearise
Ava DnaE,Csp-PCC8801 DnaE,Anabaena variabilis,Cyanothece sp. PCC8801,DnaE,DnaE,BBa_25FCPS4L,BBa_255BD5ZB,PLACEHOLDER_REPLACE_WITH_INBASE_SEQUENCE,PLACEHOLDER_REPLACE_WITH_INBASE_SEQUENCE,Linearise
Ava DnaE,Csp-PCC7424 DnaE,Anabaena variabilis,Cyanothece sp. PCC7424,DnaE,DnaE,BBa_25FCPS4L,BBa_25HBUDUF,PLACEHOLDER_REPLACE_WITH_INBASE_SEQUENCE,PLACEHOLDER_REPLACE_WITH_INBASE_SEQUENCE,Linearise
Ava DnaE,Csp-CCY0110 DnaE,Anabaena variabilis,Cyanothece sp. CCY0110,DnaE,DnaE,BBa_25FCPS4L,BBa_25KRZ21R,PLACEHOLDER_REPLACE_WITH_INBASE_SEQUENCE,PLACEHOLDER_REPLACE_WITH_INBASE_SEQUENCE,Linearise
Ava DnaE,Cra-CS505 DnaE,Anabaena variabilis,Cylindrospermopsis raciborskii,DnaE,DnaE,BBa_25FCPS4L,BBa_25JWTAOY,PLACEHOLDER_REPLACE_WITH_INBASE_SEQUENCE,PLACEHOLDER_REPLACE_WITH_INBASE_SEQUENCE,Linearise
Ava DnaE,Ava DnaE,Anabaena variabilis,Anabaena variabilis,DnaE,DnaE,BBa_25FCPS4L,BBa_25ZF1QF5,PLACEHOLDER_REPLACE_WITH_INBASE_SEQUENCE,PLACEHOLDER_REPLACE_WITH_INBASE_SEQUENCE,Circularise
Ava DnaE,Aha DnaE,Anabaena variabilis,Aphanothece halophytica,DnaE,DnaE,BBa_25FCPS4L,BBa_25Z1ZFPY,PLACEHOLDER_REPLACE_WITH_INBASE_SEQUENCE,PLACEHOLDER_REPLACE_WITH_INBASE_SEQUENCE,Linearise
Ava DnaE,Aov DnaE,Anabaena variabilis,Aphanizomenon ovalisporum,DnaE,DnaE,BBa_25FCPS4L,BBa_25IKNR5T,PLACEHOLDER_REPLACE_WITH_INBASE_SEQUENCE,PLACEHOLDER_REPLACE_WITH_INBASE_SEQUENCE,Linearise
Ava DnaE,Mtu-T17 RecA,Anabaena variabilis,Mycobacterium tuberculosis,DnaE,RecA,BBa_25FCPS4L,BBa_25YYMD7Z,PLACEHOLDER_REPLACE_WITH_INBASE_SEQUENCE,PLACEHOLDER_REPLACE_WITH_INBASE_SEQUENCE,Not compatible
Ava DnaE,Dra Snf2,Anabaena variabilis,Deinococcus radiodurans,DnaE,Snf2,BBa_25FCPS4L,BBa_25ZJCBN6,PLACEHOLDER_REPLACE_WITH_INBASE_SEQUENCE,PLACEHOLDER_REPLACE_WITH_INBASE_SEQUENCE,Not compatible
Ava DnaE,Neq Pol,Anabaena variabilis,Nanoarchaeum equitans,DnaE,Pol,BBa_25FCPS4L,BBa_257FZ9V0,PLACEHOLDER_REPLACE_WITH_INBASE_SEQUENCE,PLACEHOLDER_REPLACE_WITH_INBASE_SEQUENCE,Not compatible
Ava DnaE,Sce VMA,Anabaena variabilis,Saccharomyces cerevisiae,DnaE,VMA,BBa_25FCPS4L,BBa_253EQDGS,PLACEHOLDER_REPLACE_WITH_INBASE_SEQUENCE,PLACEHOLDER_REPLACE_WITH_INBASE_SEQUENCE,Not compatible
Aha DnaE,Ssp DnaE,Aphanothece halophytica,Synechocystis sp. PCC6803,DnaE,DnaE,BBa_25CS4JLS,BBa_25DAKQQ8,PLACEHOLDER_REPLACE_WITH_INBASE_SEQUENCE,CFNGTAVGAKLNPQQMGQIERFNYGPTCQQYAAQALQDYLKQHQEKIQKQLAQRLADLQKQVRDLQHEVNARLATDHDLNQQMKQFNEQLKKQLTPQMQHRLQQELQKQIQDLQAQYNQL,Linearise
Aha DnaE,Ter DnaE-3,Aphanothece halophytica,Trichodesmium erythraeum,DnaE,DnaE,BBa_25CS4JLS,BBa_25KKVAEW,PLACEHOLDER_REPLACE_WITH_INBASE_SEQUENCE,PLACEHOLDER_REPLACE_WITH_INBASE_SEQUENCE,Linearise
Aha DnaE,Tvu DnaE,Aphanothece halophytica,Thermosynechococcus vulcanus,DnaE,DnaE,BBa_25CS4JLS,BBa_25A9PDOX,PLACEHOLDER_REPLACE_WITH_INBASE_SEQUENCE,PLACEHOLDER_REPLACE_WITH_INBASE_SEQUENCE,Linearise
Aha DnaE,Sel-PCC6301 DnaE,Aphanothece halophytica,Synechococcus elongatus PCC6301,DnaE,DnaE,BBa_25CS4JLS,BBa_25IB6RAW,PLACEHOLDER_REPLACE_WITH_INBASE_SEQUENCE,PLACEHOLDER_REPLACE_WITH_INBASE_SEQUENCE,Linearise
Aha DnaE,Sel-PC7942 DnaE,Aphanothece halophytica,Synechococcus elongatus PC7942,DnaE,DnaE,BBa_25CS4JLS,BBa_25AHFHPM,PLACEHOLDER_REPLACE_WITH_INBASE_SEQUENCE,PLACEHOLDER_REPLACE_WITH_INBASE_SEQUENCE,Linearise
Aha DnaE,Oli DnaE,Aphanothece halophytica,Oscillatoria limnetica,DnaE,DnaE,BBa_25CS4JLS,BBa_25F6FPLB,PLACEHOLDER_REPLACE_WITH_INBASE_SEQUENCE,PLACEHOLDER_REPLACE_WITH_INBASE_SEQUENCE,Linearise
Aha DnaE,Nsp-PCC7120 DnaE,Aphanothece halophytica,Nostoc sp. PCC7120,DnaE,DnaE,BBa_25CS4JLS,BBa_25WMHS8N,PLACEHOLDER_REPLACE_WITH_INBASE_SEQUENCE,PLACEHOLDER_REPLACE_WITH_INBASE_SEQUENCE,Linearise
Aha DnaE,Npu-PCC73102 DnaE,Aphanothece halophytica,Nostoc punctiforme PCC73102,DnaE,DnaE,BBa_25CS4JLS,BBa_25GW1TDZ,PLACEHOLDER_REPLACE_WITH_INBASE_SEQUENCE,PLACEHOLDER_REPLACE_WITH_INBASE_SEQUENCE,Linearise
Aha DnaE,Maer-NIES843 DnaE,Aphanothece halophytica,Microcystis aeruginosa NIES843,DnaE,DnaE,BBa_25CS4JLS,BBa_25F8C5ZQ,PLACEHOLDER_REPLACE_WITH_INBASE_SEQUENCE,PLACEHOLDER_REPLACE_WITH_INBASE_SEQUENCE,Linearise
Aha DnaE,Cwa DnaE,Aphanothece halophytica,Crocosphaera watsonii,DnaE,DnaE,BBa_25CS4JLS,BBa_25WI3QZ0,PLACEHOLDER_REPLACE_WITH_INBASE_SEQUENCE,PLACEHOLDER_REPLACE_WITH_INBASE_SEQUENCE,Linearise
Aha DnaE,Csp-PCC8801 DnaE,Aphanothece halophytica,Cyanothece sp. PCC8801,DnaE,DnaE,BBa_25CS4JLS,BBa_255BD5ZB,PLACEHOLDER_REPLACE_WITH_INBASE_SEQUENCE,PLACEHOLDER_REPLACE_WITH_INBASE_SEQUENCE,Linearise
Aha DnaE,Csp-PCC7424 DnaE,Aphanothece halophytica,Cyanothece sp. PCC7424,DnaE,DnaE,BBa_25CS4JLS,BBa_25HBUDUF,PLACEHOLDER_REPLACE_WITH_INBASE_SEQUENCE,PLACEHOLDER_REPLACE_WITH_INBASE_SEQUENCE,Linearise
Aha DnaE,Csp-CCY0110 DnaE,Aphanothece halophytica,Cyanothece sp. CCY0110,DnaE,DnaE,BBa_25CS4JLS,BBa_25KRZ21R,PLACEHOLDER_REPLACE_WITH_INBASE_SEQUENCE,PLACEHOLDER_REPLACE_WITH_INBASE_SEQUENCE,Linearise
Aha DnaE,Cra-CS505 DnaE,Aphanothece halophytica,Cylindrospermopsis raciborskii,DnaE,DnaE,BBa_25CS4JLS,BBa_25JWTAOY,PLACEHOLDER_REPLACE_WITH_INBASE_SEQUENCE,PLACEHOLDER_REPLACE_WITH_INBASE_SEQUENCE,Linearise
Aha DnaE,Ava DnaE,Aphanothece halophytica,Anabaena variabilis,DnaE,DnaE,BBa_25CS4JLS,BBa_25ZF1QF5,PLACEHOLDER_REPLACE_WITH_INBASE_SEQUENCE,PLACEHOLDER_REPLACE_WITH_INBASE_SEQUENCE,Linearise
Aha DnaE,Aha DnaE,Aphanothece halophytica,Aphanothece halophytica,DnaE,DnaE,BBa_25CS4JLS,BBa_25Z1ZFPY,PLACEHOLDER_REPLACE_WITH_INBASE_SEQUENCE,PLACEHOLDER_REPLACE_WITH_INBASE_SEQUENCE,Circularise
Aha DnaE,Aov DnaE,Aphanothece halophytica,Aphanizomenon ovalisporum,DnaE,DnaE,BBa_25CS4JLS,BBa_25IKNR5T,PLACEHOLDER_REPLACE_WITH_INBASE_SEQUENCE,PLACEHOLDER_REPLACE_WITH_INBASE_SEQUENCE,Linearise
Aha DnaE,Mtu-T17 RecA,Aphanothece halophytica,Mycobacterium tuberculosis,DnaE,RecA,BBa_25CS4JLS,BBa_25YYMD7Z,PLACEHOLDER_REPLACE_WITH_INBASE_SEQUENCE,PLACEHOLDER_REPLACE_WITH_INBASE_SEQUENCE,Not compatible
Aha DnaE,Dra Snf2,Aphanothece halophytica,Deinococcus radiodurans,DnaE,Snf2,BBa_25CS4JLS,BBa_25ZJCBN6,PLACEHOLDER_REPLACE_WITH_INBASE_SEQUENCE,PLACEHOLDER_REPLACE_WITH_INBASE_SEQUENCE,Not compatible
Aha DnaE,Neq Pol,Aphanothece halophytica,Nanoarchaeum equitans,DnaE,Pol,BBa_25CS4JLS,BBa_257FZ9V0,PLACEHOLDER_REPLACE_WITH_INBASE_SEQUENCE,PLACEHOLDER_REPLACE_WITH_INBASE_SEQUENCE,Not compatible
Aha DnaE,Sce VMA,Aphanothece halophytica,Saccharomyces cerevisiae,DnaE,VMA,BBa_25CS4JLS,BBa_253EQDGS,PLACEHOLDER_REPLACE_WITH_INBASE_SEQUENCE,PLACEHOLDER_REPLACE_WITH_INBASE_SEQUENCE,Not compatible
Aov DnaE,Ssp DnaE,Aphanizomenon ovalisporum,Synechocystis sp. PCC6803,DnaE,DnaE,BBa_25TEW6CH,BBa_25DAKQQ8,PLACEHOLDER_REPLACE_WITH_INBASE_SEQUENCE,CFNGTAVGAKLNPQQMGQIERFNYGPTCQQYAAQALQDYLKQHQEKIQKQLAQRLADLQKQVRDLQHEVNARLATDHDLNQQMKQFNEQLKKQLTPQMQHRLQQELQKQIQDLQAQYNQL,Linearise
Aov DnaE,Ter DnaE-3,Aphanizomenon ovalisporum,Trichodesmium erythraeum,DnaE,DnaE,BBa_25TEW6CH,BBa_25KKVAEW,PLACEHOLDER_REPLACE_WITH_INBASE_SEQUENCE,PLACEHOLDER_REPLACE_WITH_INBASE_SEQUENCE,Linearise
Aov DnaE,Tvu DnaE,Aphanizomenon ovalisporum,Thermosynechococcus vulcanus,DnaE,DnaE,BBa_25TEW6CH,BBa_25A9PDOX,PLACEHOLDER_REPLACE_WITH_INBASE_SEQUENCE,PLACEHOLDER_REPLACE_WITH_INBASE_SEQUENCE,Linearise
Aov DnaE,Sel-PCC6301 DnaE,Aphanizomenon ovalisporum,Synechococcus elongatus PCC6301,DnaE,DnaE,BBa_25TEW6CH,BBa_25IB6RAW,PLACEHOLDER_REPLACE_WITH_INBASE_SEQUENCE,PLACEHOLDER_REPLACE_WITH_INBASE_SEQUENCE,Linearise
Aov DnaE,Sel-PC7942 DnaE,Aphanizomenon ovalisporum,Synechococcus elongatus PC7942,DnaE,DnaE,BBa_25TEW6CH,BBa_25AHFHPM,PLACEHOLDER_REPLACE_WITH_INBASE_SEQUENCE,PLACEHOLDER_REPLACE_WITH_INBASE_SEQUENCE,Linearise
Aov DnaE,Oli DnaE,Aphanizomenon ovalisporum,Oscillatoria limnetica,DnaE,DnaE,BBa_25TEW6CH,BBa_25F6FPLB,PLACEHOLDER_REPLACE_WITH_INBASE_SEQUENCE,PLACEHOLDER_REPLACE_WITH_INBASE_SEQUENCE,Linearise
Aov DnaE,Nsp-PCC7120 DnaE,Aphanizomenon ovalisporum,Nostoc sp. PCC7120,DnaE,DnaE,BBa_25TEW6CH,BBa_25WMHS8N,PLACEHOLDER_REPLACE_WITH_INBASE_SEQUENCE,PLACEHOLDER_REPLACE_WITH_INBASE_SEQUENCE,Linearise
Aov DnaE,Npu-PCC73102 DnaE,Aphanizomenon ovalisporum,Nostoc punctiforme PCC73102,DnaE,DnaE,BBa_25TEW6CH,BBa_25GW1TDZ,PLACEHOLDER_REPLACE_WITH_INBASE_SEQUENCE,PLACEHOLDER_REPLACE_WITH_INBASE_SEQUENCE,Linearise
Aov DnaE,Maer-NIES843 DnaE,Aphanizomenon ovalisporum,Microcystis aeruginosa NIES843,DnaE,DnaE,BBa_25TEW6CH,BBa_25F8C5ZQ,PLACEHOLDER_REPLACE_WITH_INBASE_SEQUENCE,PLACEHOLDER_REPLACE_WITH_INBASE_SEQUENCE,Linearise
Aov DnaE,Cwa DnaE,Aphanizomenon ovalisporum,Crocosphaera watsonii,DnaE,DnaE,BBa_25TEW6CH,BBa_25WI3QZ0,PLACEHOLDER_REPLACE_WITH_INBASE_SEQUENCE,PLACEHOLDER_REPLACE_WITH_INBASE_SEQUENCE,Linearise
Aov DnaE,Csp-PCC8801 DnaE,Aphanizomenon ovalisporum,Cyanothece sp. PCC8801,DnaE,DnaE,BBa_25TEW6CH,BBa_255BD5ZB,PLACEHOLDER_REPLACE_WITH_INBASE_SEQUENCE,PLACEHOLDER_REPLACE_WITH_INBASE_SEQUENCE,Linearise
Aov DnaE,Csp-PCC7424 DnaE,Aphanizomenon ovalisporum,Cyanothece sp. PCC7424,DnaE,DnaE,BBa_25TEW6CH,BBa_25HBUDUF,PLACEHOLDER_REPLACE_WITH_INBASE_SEQUENCE,PLACEHOLDER_REPLACE_WITH_INBASE_SEQUENCE,Linearise
Aov DnaE,Csp-CCY0110 DnaE,Aphanizomenon ovalisporum,Cyanothece sp. CCY0110,DnaE,DnaE,BBa_25TEW6CH,BBa_25KRZ21R,PLACEHOLDER_REPLACE_WITH_INBASE_SEQUENCE,PLACEHOLDER_REPLACE_WITH_INBASE_SEQUENCE,Linearise
Aov DnaE,Cra-CS505 DnaE,Aphanizomenon ovalisporum,Cylindrospermopsis raciborskii,DnaE,DnaE,BBa_25TEW6CH,BBa_25JWTAOY,PLACEHOLDER_REPLACE_WITH_INBASE_SEQUENCE,PLACEHOLDER_REPLACE_WITH_INBASE_SEQUENCE,Linearise
Aov DnaE,Ava DnaE,Aphanizomenon ovalisporum,Anabaena variabilis,DnaE,DnaE,BBa_25TEW6CH,BBa_25ZF1QF5,PLACEHOLDER_REPLACE_WITH_INBASE_SEQUENCE,PLACEHOLDER_REPLACE_WITH_INBASE_SEQUENCE,Linearise
Aov DnaE,Aha DnaE,Aphanizomenon ovalisporum,Aphanothece halophytica,DnaE,DnaE,BBa_25TEW6CH,BBa_25Z1ZFPY,PLACEHOLDER_REPLACE_WITH_INBASE_SEQUENCE,PLACEHOLDER_REPLACE_WITH_INBASE_SEQUENCE,Linearise
Aov DnaE,Aov DnaE,Aphanizomenon ovalisporum,Aphanizomenon ovalisporum,DnaE,DnaE,BBa_25TEW6CH,BBa_25IKNR5T,PLACEHOLDER_REPLACE_WITH_INBASE_SEQUENCE,PLACEHOLDER_REPLACE_WITH_INBASE_SEQUENCE,Circularise
Aov DnaE,Mtu-T17 RecA,Aphanizomenon ovalisporum,Mycobacterium tuberculosis,DnaE,RecA,BBa_25TEW6CH,BBa_25YYMD7Z,PLACEHOLDER_REPLACE_WITH_INBASE_SEQUENCE,PLACEHOLDER_REPLACE_WITH_INBASE_SEQUENCE,Not compatible
Aov DnaE,Dra Snf2,Aphanizomenon ovalisporum,Deinococcus radiodurans,DnaE,Snf2,BBa_25TEW6CH,BBa_25ZJCBN6,PLACEHOLDER_REPLACE_WITH_INBASE_SEQUENCE,PLACEHOLDER_REPLACE_WITH_INBASE_SEQUENCE,Not compatible
Aov DnaE,Neq Pol,Aphanizomenon ovalisporum,Nanoarchaeum equitans,DnaE,Pol,BBa_25TEW6CH,BBa_257FZ9V0,PLACEHOLDER_REPLACE_WITH_INBASE_SEQUENCE,PLACEHOLDER_REPLACE_WITH_INBASE_SEQUENCE,Not compatible
Aov DnaE,Sce VMA,Aphanizomenon ovalisporum,Saccharomyces cerevisiae,DnaE,VMA,BBa_25TEW6CH,BBa_253EQDGS,PLACEHOLDER_REPLACE_WITH_INBASE_SEQUENCE,PLACEHOLDER_REPLACE_WITH_INBASE_SEQUENCE,Not compatible
Mtu-T17 RecA,Ssp DnaE,Mycobacterium tuberculosis,Synechocystis sp. PCC6803,RecA,DnaE,BBa_25VRTGF8,BBa_25DAKQQ8,PLACEHOLDER_REPLACE_WITH_INBASE_SEQUENCE,CFNGTAVGAKLNPQQMGQIERFNYGPTCQQYAAQALQDYLKQHQEKIQKQLAQRLADLQKQVRDLQHEVNARLATDHDLNQQMKQFNEQLKKQLTPQMQHRLQQELQKQIQDLQAQYNQL,Not compatible
Mtu-T17 RecA,Ter DnaE-3,Mycobacterium tuberculosis,Trichodesmium erythraeum,RecA,DnaE,BBa_25VRTGF8,BBa_25KKVAEW,PLACEHOLDER_REPLACE_WITH_INBASE_SEQUENCE,PLACEHOLDER_REPLACE_WITH_INBASE_SEQUENCE,Not compatible
Mtu-T17 RecA,Tvu DnaE,Mycobacterium tuberculosis,Thermosynechococcus vulcanus,RecA,DnaE,BBa_25VRTGF8,BBa_25A9PDOX,PLACEHOLDER_REPLACE_WITH_INBASE_SEQUENCE,PLACEHOLDER_REPLACE_WITH_INBASE_SEQUENCE,Not compatible
Mtu-T17 RecA,Sel-PCC6301 DnaE,Mycobacterium tuberculosis,Synechococcus elongatus PCC6301,RecA,DnaE,BBa_25VRTGF8,BBa_25IB6RAW,PLACEHOLDER_REPLACE_WITH_INBASE_SEQUENCE,PLACEHOLDER_REPLACE_WITH_INBASE_SEQUENCE,Not compatible
Mtu-T17 RecA,Sel-PC7942 DnaE,Mycobacterium tuberculosis,Synechococcus elongatus PC7942,RecA,DnaE,BBa_25VRTGF8,BBa_25AHFHPM,PLACEHOLDER_REPLACE_WITH_INBASE_SEQUENCE,PLACEHOLDER_REPLACE_WITH_INBASE_SEQUENCE,Not compatible
Mtu-T17 RecA,Oli DnaE,Mycobacterium tuberculosis,Oscillatoria limnetica,RecA,DnaE,BBa_25VRTGF8,BBa_25F6FPLB,PLACEHOLDER_REPLACE_WITH_INBASE_SEQUENCE,PLACEHOLDER_REPLACE_WITH_INBASE_SEQUENCE,Not compatible
Mtu-T17 RecA,Nsp-PCC7120 DnaE,Mycobacterium tuberculosis,Nostoc sp. PCC7120,RecA,DnaE,BBa_25VRTGF8,BBa_25WMHS8N,PLACEHOLDER_REPLACE_WITH_INBASE_SEQUENCE,PLACEHOLDER_REPLACE_WITH_INBASE_SEQUENCE,Not compatible
Mtu-T17 RecA,Npu-PCC73102 DnaE,Mycobacterium tuberculosis,Nostoc punctiforme PCC73102,RecA,DnaE,BBa_25VRTGF8,BBa_25GW1TDZ,PLACEHOLDER_REPLACE_WITH_INBASE_SEQUENCE,PLACEHOLDER_REPLACE_WITH_INBASE_SEQUENCE,Not compatible
Mtu-T17 RecA,Maer-NIES843 DnaE,Mycobacterium tuberculosis,Microcystis aeruginosa NIES843,RecA,DnaE,BBa_25VRTGF8,BBa_25F8C5ZQ,PLACEHOLDER_REPLACE_WITH_INBASE_SEQUENCE,PLACEHOLDER_REPLACE_WITH_INBASE_SEQUENCE,Not compatible
Mtu-T17 RecA,Cwa DnaE,Mycobacterium tuberculosis,Crocosphaera watsonii,RecA,DnaE,BBa_25VRTGF8,BBa_25WI3QZ0,PLACEHOLDER_REPLACE_WITH_INBASE_SEQUENCE,PLACEHOLDER_REPLACE_WITH_INBASE_SEQUENCE,Not compatible
Mtu-T17 RecA,Csp-PCC8801 DnaE,Mycobacterium tuberculosis,Cyanothece sp. PCC8801,RecA,DnaE,BBa_25VRTGF8,BBa_255BD5ZB,PLACEHOLDER_REPLACE_WITH_INBASE_SEQUENCE,PLACEHOLDER_REPLACE_WITH_INBASE_SEQUENCE,Not compatible
Mtu-T17 RecA,Csp-PCC7424 DnaE,Mycobacterium tuberculosis,Cyanothece sp. PCC7424,RecA,DnaE,BBa_25VRTGF8,BBa_25HBUDUF,PLACEHOLDER_REPLACE_WITH_INBASE_SEQUENCE,PLACEHOLDER_REPLACE_WITH_INBASE_SEQUENCE,Not compatible
Mtu-T17 RecA,Csp-CCY0110 DnaE,Mycobacterium tuberculosis,Cyanothece sp. CCY0110,RecA,DnaE,BBa_25VRTGF8,BBa_25KRZ21R,PLACEHOLDER_REPLACE_WITH_INBASE_SEQUENCE,PLACEHOLDER_REPLACE_WITH_INBASE_SEQUENCE,Not compatible
Mtu-T17 RecA,Cra-CS505 DnaE,Mycobacterium tuberculosis,Cylindrospermopsis raciborskii,RecA,DnaE,BBa_25VRTGF8,BBa_25JWTAOY,PLACEHOLDER_REPLACE_WITH_INBASE_SEQUENCE,PLACEHOLDER_REPLACE_WITH_INBASE_SEQUENCE,Not compatible
Mtu-T17 RecA,Ava DnaE,Mycobacterium tuberculosis,Anabaena variabilis,RecA,DnaE,BBa_25VRTGF8,BBa_25ZF1QF5,PLACEHOLDER_REPLACE_WITH_INBASE_SEQUENCE,PLACEHOLDER_REPLACE_WITH_INBASE_SEQUENCE,Not compatible
Mtu-T17 RecA,Aha DnaE,Mycobacterium tuberculosis,Aphanothece halophytica,RecA,DnaE,BBa_25VRTGF8,BBa_25Z1ZFPY,PLACEHOLDER_REPLACE_WITH_INBASE_SEQUENCE,PLACEHOLDER_REPLACE_WITH_INBASE_SEQUENCE,Not compatible
Mtu-T17 RecA,Aov DnaE,Mycobacterium tuberculosis,Aphanizomenon ovalisporum,RecA,DnaE,BBa_25VRTGF8,BBa_25IKNR5T,PLACEHOLDER_REPLACE_WITH_INBASE_SEQUENCE,PLACEHOLDER_REPLACE_WITH_INBASE_SEQUENCE,Not compatible
Mtu-T17 RecA,Mtu-T17 RecA,Mycobacterium tuberculosis,Mycobacterium tuberculosis,RecA,RecA,BBa_25VRTGF8,BBa_25YYMD7Z,PLACEHOLDER_REPLACE_WITH_INBASE_SEQUENCE,PLACEHOLDER_REPLACE_WITH_INBASE_SEQUENCE,Circularise
Mtu-T17 RecA,Dra Snf2,Mycobacterium tuberculosis,Deinococcus radiodurans,RecA,Snf2,BBa_25VRTGF8,BBa_25ZJCBN6,PLACEHOLDER_REPLACE_WITH_INBASE_SEQUENCE,PLACEHOLDER_REPLACE_WITH_INBASE_SEQUENCE,Not compatible
Mtu-T17 RecA,Neq Pol,Mycobacterium tuberculosis,Nanoarchaeum equitans,RecA,Pol,BBa_25VRTGF8,BBa_257FZ9V0,PLACEHOLDER_REPLACE_WITH_INBASE_SEQUENCE,PLACEHOLDER_REPLACE_WITH_INBASE_SEQUENCE,Not compatible
Mtu-T17 RecA,Sce VMA,Mycobacterium tuberculosis,Saccharomyces cerevisiae,RecA,VMA,BBa_25VRTGF8,BBa_253EQDGS,PLACEHOLDER_REPLACE_WITH_INBASE_SEQUENCE,PLACEHOLDER_REPLACE_WITH_INBASE_SEQUENCE,Not compatible
Dra Snf2,Ssp DnaE,Deinococcus radiodurans,Synechocystis sp. PCC6803,Snf2,DnaE,BBa_25IK6KEW,BBa_25DAKQQ8,PLACEHOLDER_REPLACE_WITH_INBASE_SEQUENCE,CFNGTAVGAKLNPQQMGQIERFNYGPTCQQYAAQALQDYLKQHQEKIQKQLAQRLADLQKQVRDLQHEVNARLATDHDLNQQMKQFNEQLKKQLTPQMQHRLQQELQKQIQDLQAQYNQL,Not compatible
Dra Snf2,Ter DnaE-3,Deinococcus radiodurans,Trichodesmium erythraeum,Snf2,DnaE,BBa_25IK6KEW,BBa_25KKVAEW,PLACEHOLDER_REPLACE_WITH_INBASE_SEQUENCE,PLACEHOLDER_REPLACE_WITH_INBASE_SEQUENCE,Not compatible
Dra Snf2,Tvu DnaE,Deinococcus radiodurans,Thermosynechococcus vulcanus,Snf2,DnaE,BBa_25IK6KEW,BBa_25A9PDOX,PLACEHOLDER_REPLACE_WITH_INBASE_SEQUENCE,PLACEHOLDER_REPLACE_WITH_INBASE_SEQUENCE,Not compatible
Dra Snf2,Sel-PCC6301 DnaE,Deinococcus radiodurans,Synechococcus elongatus PCC6301,Snf2,DnaE,BBa_25IK6KEW,BBa_25IB6RAW,PLACEHOLDER_REPLACE_WITH_INBASE_SEQUENCE,PLACEHOLDER_REPLACE_WITH_INBASE_SEQUENCE,Not compatible
Dra Snf2,Sel-PC7942 DnaE,Deinococcus radiodurans,Synechococcus elongatus PC7942,Snf2,DnaE,BBa_25IK6KEW,BBa_25AHFHPM,PLACEHOLDER_REPLACE_WITH_INBASE_SEQUENCE,PLACEHOLDER_REPLACE_WITH_INBASE_SEQUENCE,Not compatible
Dra Snf2,Oli DnaE,Deinococcus radiodurans,Oscillatoria limnetica,Snf2,DnaE,BBa_25IK6KEW,BBa_25F6FPLB,PLACEHOLDER_REPLACE_WITH_INBASE_SEQUENCE,PLACEHOLDER_REPLACE_WITH_INBASE_SEQUENCE,Not compatible
Dra Snf2,Nsp-PCC7120 DnaE,Deinococcus radiodurans,Nostoc sp. PCC7120,Snf2,DnaE,BBa_25IK6KEW,BBa_25WMHS8N,PLACEHOLDER_REPLACE_WITH_INBASE_SEQUENCE,PLACEHOLDER_REPLACE_WITH_INBASE_SEQUENCE,Not compatible
Dra Snf2,Npu-PCC73102 DnaE,Deinococcus radiodurans,Nostoc punctiforme PCC73102,Snf2,DnaE,BBa_25IK6KEW,BBa_25GW1TDZ,PLACEHOLDER_REPLACE_WITH_INBASE_SEQUENCE,PLACEHOLDER_REPLACE_WITH_INBASE_SEQUENCE,Not compatible
Dra Snf2,Maer-NIES843 DnaE,Deinococcus radiodurans,Microcystis aeruginosa NIES843,Snf2,DnaE,BBa_25IK6KEW,BBa_25F8C5ZQ,PLACEHOLDER_REPLACE_WITH_INBASE_SEQUENCE,PLACEHOLDER_REPLACE_WITH_INBASE_SEQUENCE,Not compatible
Dra Snf2,Cwa DnaE,Deinococcus radiodurans,Crocosphaera watsonii,Snf2,DnaE,BBa_25IK6KEW,BBa_25WI3QZ0,PLACEHOLDER_REPLACE_WITH_INBASE_SEQUENCE,PLACEHOLDER_REPLACE_WITH_INBASE_SEQUENCE,Not compatible
Dra Snf2,Csp-PCC8801 DnaE,Deinococcus radiodurans,Cyanothece sp. PCC8801,Snf2,DnaE,BBa_25IK6KEW,BBa_255BD5ZB,PLACEHOLDER_REPLACE_WITH_INBASE_SEQUENCE,PLACEHOLDER_REPLACE_WITH_INBASE_SEQUENCE,Not compatible
Dra Snf2,Csp-PCC7424 DnaE,Deinococcus radiodurans,Cyanothece sp. PCC7424,Snf2,DnaE,BBa_25IK6KEW,BBa_25HBUDUF,PLACEHOLDER_REPLACE_WITH_INBASE_SEQUENCE,PLACEHOLDER_REPLACE_WITH_INBASE_SEQUENCE,Not compatible
Dra Snf2,Csp-CCY0110 DnaE,Deinococcus radiodurans,Cyanothece sp. CCY0110,Snf2,DnaE,BBa_25IK6KEW,BBa_25KRZ21R,PLACEHOLDER_REPLACE_WITH_INBASE_SEQUENCE,PLACEHOLDER_REPLACE_WITH_INBASE_SEQUENCE,Not compatible
Dra Snf2,Cra-CS505 DnaE,Deinococcus radiodurans,Cylindrospermopsis raciborskii,Snf2,DnaE,BBa_25IK6KEW,BBa_25JWTAOY,PLACEHOLDER_REPLACE_WITH_INBASE_SEQUENCE,PLACEHOLDER_REPLACE_WITH_INBASE_SEQUENCE,Not compatible
Dra Snf2,Ava DnaE,Deinococcus radiodurans,Anabaena variabilis,Snf2,DnaE,BBa_25IK6KEW,BBa_25ZF1QF5,PLACEHOLDER_REPLACE_WITH_INBASE_SEQUENCE,PLACEHOLDER_REPLACE_WITH_INBASE_SEQUENCE,Not compatible
Dra Snf2,Aha DnaE,Deinococcus radiodurans,Aphanothece halophytica,Snf2,DnaE,BBa_25IK6KEW,BBa_25Z1ZFPY,PLACEHOLDER_REPLACE_WITH_INBASE_SEQUENCE,PLACEHOLDER_REPLACE_WITH_INBASE_SEQUENCE,Not compatible
Dra Snf2,Aov DnaE,Deinococcus radiodurans,Aphanizomenon ovalisporum,Snf2,DnaE,BBa_25IK6KEW,BBa_25IKNR5T,PLACEHOLDER_REPLACE_WITH_INBASE_SEQUENCE,PLACEHOLDER_REPLACE_WITH_INBASE_SEQUENCE,Not compatible
Dra Snf2,Mtu-T17 RecA,Deinococcus radiodurans,Mycobacterium tuberculosis,Snf2,RecA,BBa_25IK6KEW,BBa_25YYMD7Z,PLACEHOLDER_REPLACE_WITH_INBASE_SEQUENCE,PLACEHOLDER_REPLACE_WITH_INBASE_SEQUENCE,Not compatible
Dra Snf2,Dra Snf2,Deinococcus radiodurans,Deinococcus radiodurans,Snf2,Snf2,BBa_25IK6KEW,BBa_25ZJCBN6,PLACEHOLDER_REPLACE_WITH_INBASE_SEQUENCE,PLACEHOLDER_REPLACE_WITH_INBASE_SEQUENCE,Circularise
Dra Snf2,Neq Pol,Deinococcus radiodurans,Nanoarchaeum equitans,Snf2,Pol,BBa_25IK6KEW,BBa_257FZ9V0,PLACEHOLDER_REPLACE_WITH_INBASE_SEQUENCE,PLACEHOLDER_REPLACE_WITH_INBASE_SEQUENCE,Not compatible
Dra Snf2,Sce VMA,Deinococcus radiodurans,Saccharomyces cerevisiae,Snf2,VMA,BBa_25IK6KEW,BBa_253EQDGS,PLACEHOLDER_REPLACE_WITH_INBASE_SEQUENCE,PLACEHOLDER_REPLACE_WITH_INBASE_SEQUENCE,Not compatible
Neq Pol,Ssp DnaE,Nanoarchaeum equitans,Synechocystis sp. PCC6803,Pol,DnaE,BBa_258Y84U0,BBa_25DAKQQ8,PLACEHOLDER_REPLACE_WITH_INBASE_SEQUENCE,CFNGTAVGAKLNPQQMGQIERFNYGPTCQQYAAQALQDYLKQHQEKIQKQLAQRLADLQKQVRDLQHEVNARLATDHDLNQQMKQFNEQLKKQLTPQMQHRLQQELQKQIQDLQAQYNQL,Not compatible
Neq Pol,Ter DnaE-3,Nanoarchaeum equitans,Trichodesmium erythraeum,Pol,DnaE,BBa_258Y84U0,BBa_25KKVAEW,PLACEHOLDER_REPLACE_WITH_INBASE_SEQUENCE,PLACEHOLDER_REPLACE_WITH_INBASE_SEQUENCE,Not compatible
Neq Pol,Tvu DnaE,Nanoarchaeum equitans,Thermosynechococcus vulcanus,Pol,DnaE,BBa_258Y84U0,BBa_25A9PDOX,PLACEHOLDER_REPLACE_WITH_INBASE_SEQUENCE,PLACEHOLDER_REPLACE_WITH_INBASE_SEQUENCE,Not compatible
Neq Pol,Sel-PCC6301 DnaE,Nanoarchaeum equitans,Synechococcus elongatus PCC6301,Pol,DnaE,BBa_258Y84U0,BBa_25IB6RAW,PLACEHOLDER_REPLACE_WITH_INBASE_SEQUENCE,PLACEHOLDER_REPLACE_WITH_INBASE_SEQUENCE,Not compatible
Neq Pol,Sel-PC7942 DnaE,Nanoarchaeum equitans,Synechococcus elongatus PC7942,Pol,DnaE,BBa_258Y84U0,BBa_25AHFHPM,PLACEHOLDER_REPLACE_WITH_INBASE_SEQUENCE,PLACEHOLDER_REPLACE_WITH_INBASE_SEQUENCE,Not compatible
Neq Pol,Oli DnaE,Nanoarchaeum equitans,Oscillatoria limnetica,Pol,DnaE,BBa_258Y84U0,BBa_25F6FPLB,PLACEHOLDER_REPLACE_WITH_INBASE_SEQUENCE,PLACEHOLDER_REPLACE_WITH_INBASE_SEQUENCE,Not compatible
Neq Pol,Nsp-PCC7120 DnaE,Nanoarchaeum equitans,Nostoc sp. PCC7120,Pol,DnaE,BBa_258Y84U0,BBa_25WMHS8N,PLACEHOLDER_REPLACE_WITH_INBASE_SEQUENCE,PLACEHOLDER_REPLACE_WITH_INBASE_SEQUENCE,Not compatible
Neq Pol,Npu-PCC73102 DnaE,Nanoarchaeum equitans,Nostoc punctiforme PCC73102,Pol,DnaE,BBa_258Y84U0,BBa_25GW1TDZ,PLACEHOLDER_REPLACE_WITH_INBASE_SEQUENCE,PLACEHOLDER_REPLACE_WITH_INBASE_SEQUENCE,Not compatible
Neq Pol,Maer-NIES843 DnaE,Nanoarchaeum equitans,Microcystis aeruginosa NIES843,Pol,DnaE,BBa_258Y84U0,BBa_25F8C5ZQ,PLACEHOLDER_REPLACE_WITH_INBASE_SEQUENCE,PLACEHOLDER_REPLACE_WITH_INBASE_SEQUENCE,Not compatible
Neq Pol,Cwa DnaE,Nanoarchaeum equitans,Crocosphaera watsonii,Pol,DnaE,BBa_258Y84U0,BBa_25WI3QZ0,PLACEHOLDER_REPLACE_WITH_INBASE_SEQUENCE,PLACEHOLDER_REPLACE_WITH_INBASE_SEQUENCE,Not compatible
Neq Pol,Csp-PCC8801 DnaE,Nanoarchaeum equitans,Cyanothece sp. PCC8801,Pol,DnaE,BBa_258Y84U0,BBa_255BD5ZB,PLACEHOLDER_REPLACE_WITH_INBASE_SEQUENCE,PLACEHOLDER_REPLACE_WITH_INBASE_SEQUENCE,Not compatible
Neq Pol,Csp-PCC7424 DnaE,Nanoarchaeum equitans,Cyanothece sp. PCC7424,Pol,DnaE,BBa_258Y84U0,BBa_25HBUDUF,PLACEHOLDER_REPLACE_WITH_INBASE_SEQUENCE,PLACEHOLDER_REPLACE_WITH_INBASE_SEQUENCE,Not compatible
Neq Pol,Csp-CCY0110 DnaE,Nanoarchaeum equitans,Cyanothece sp. CCY0110,Pol,DnaE,BBa_258Y84U0,BBa_25KRZ21R,PLACEHOLDER_REPLACE_WITH_INBASE_SEQUENCE,PLACEHOLDER_REPLACE_WITH_INBASE_SEQUENCE,Not compatible
Neq Pol,Cra-CS505 DnaE,Nanoarchaeum equitans,Cylindrospermopsis raciborskii,Pol,DnaE,BBa_258Y84U0,BBa_25JWTAOY,PLACEHOLDER_REPLACE_WITH_INBASE_SEQUENCE,PLACEHOLDER_REPLACE_WITH_INBASE_SEQUENCE,Not compatible
Neq Pol,Ava DnaE,Nanoarchaeum equitans,Anabaena variabilis,Pol,DnaE,BBa_258Y84U0,BBa_25ZF1QF5,PLACEHOLDER_REPLACE_WITH_INBASE_SEQUENCE,PLACEHOLDER_REPLACE_WITH_INBASE_SEQUENCE,Not compatible
Neq Pol,Aha DnaE,Nanoarchaeum equitans,Aphanothece halophytica,Pol,DnaE,BBa_258Y84U0,BBa_25Z1ZFPY,PLACEHOLDER_REPLACE_WITH_INBASE_SEQUENCE,PLACEHOLDER_REPLACE_WITH_INBASE_SEQUENCE,Not compatible
Neq Pol,Aov DnaE,Nanoarchaeum equitans,Aphanizomenon ovalisporum,Pol,DnaE,BBa_258Y84U0,BBa_25IKNR5T,PLACEHOLDER_REPLACE_WITH_INBASE_SEQUENCE,PLACEHOLDER_REPLACE_WITH_INBASE_SEQUENCE,Not compatible
Neq Pol,Mtu-T17 RecA,Nanoarchaeum equitans,Mycobacterium tuberculosis,Pol,RecA,BBa_258Y84U0,BBa_25YYMD7Z,PLACEHOLDER_REPLACE_WITH_INBASE_SEQUENCE,PLACEHOLDER_REPLACE_WITH_INBASE_SEQUENCE,Not compatible
Neq Pol,Dra Snf2,Nanoarchaeum equitans,Deinococcus radiodurans,Pol,Snf2,BBa_258Y84U0,BBa_25ZJCBN6,PLACEHOLDER_REPLACE_WITH_INBASE_SEQUENCE,PLACEHOLDER_REPLACE_WITH_INBASE_SEQUENCE,Not compatible
Neq Pol,Neq Pol,Nanoarchaeum equitans,Nanoarchaeum equitans,Pol,Pol,BBa_258Y84U0,BBa_257FZ9V0,PLACEHOLDER_REPLACE_WITH_INBASE_SEQUENCE,PLACEHOLDER_REPLACE_WITH_INBASE_SEQUENCE,Circularise
Neq Pol,Sce VMA,Nanoarchaeum equitans,Saccharomyces cerevisiae,Pol,VMA,BBa_258Y84U0,BBa_253EQDGS,PLACEHOLDER_REPLACE_WITH_INBASE_SEQUENCE,PLACEHOLDER_REPLACE_WITH_INBASE_SEQUENCE,Not compatible
Sce VMA,Ssp DnaE,Saccharomyces cerevisiae,Synechocystis sp. PCC6803,VMA,DnaE,BBa_25M8R987,BBa_25DAKQQ8,PLACEHOLDER_REPLACE_WITH_INBASE_SEQUENCE,CFNGTAVGAKLNPQQMGQIERFNYGPTCQQYAAQALQDYLKQHQEKIQKQLAQRLADLQKQVRDLQHEVNARLATDHDLNQQMKQFNEQLKKQLTPQMQHRLQQELQKQIQDLQAQYNQL,Not compatible
Sce VMA,Ter DnaE-3,Saccharomyces cerevisiae,Trichodesmium erythraeum,VMA,DnaE,BBa_25M8R987,BBa_25KKVAEW,PLACEHOLDER_REPLACE_WITH_INBASE_SEQUENCE,PLACEHOLDER_REPLACE_WITH_INBASE_SEQUENCE,Not compatible
Sce VMA,Tvu DnaE,Saccharomyces cerevisiae,Thermosynechococcus vulcanus,VMA,DnaE,BBa_25M8R987,BBa_25A9PDOX,PLACEHOLDER_REPLACE_WITH_INBASE_SEQUENCE,PLACEHOLDER_REPLACE_WITH_INBASE_SEQUENCE,Not compatible
Sce VMA,Sel-PCC6301 DnaE,Saccharomyces cerevisiae,Synechococcus elongatus PCC6301,VMA,DnaE,BBa_25M8R987,BBa_25IB6RAW,PLACEHOLDER_REPLACE_WITH_INBASE_SEQUENCE,PLACEHOLDER_REPLACE_WITH_INBASE_SEQUENCE,Not compatible
Sce VMA,Sel-PC7942 DnaE,Saccharomyces cerevisiae,Synechococcus elongatus PC7942,VMA,DnaE,BBa_25M8R987,BBa_25AHFHPM,PLACEHOLDER_REPLACE_WITH_INBASE_SEQUENCE,PLACEHOLDER_REPLACE_WITH_INBASE_SEQUENCE,Not compatible
Sce VMA,Oli DnaE,Saccharomyces cerevisiae,Oscillatoria limnetica,VMA,DnaE,BBa_25M8R987,BBa_25F6FPLB,PLACEHOLDER_REPLACE_WITH_INBASE_SEQUENCE,PLACEHOLDER_REPLACE_WITH_INBASE_SEQUENCE,Not compatible
Sce VMA,Nsp-PCC7120 DnaE,Saccharomyces cerevisiae,Nostoc sp. PCC7120,VMA,DnaE,BBa_25M8R987,BBa_25WMHS8N,PLACEHOLDER_REPLACE_WITH_INBASE_SEQUENCE,PLACEHOLDER_REPLACE_WITH_INBASE_SEQUENCE,Not compatible
Sce VMA,Npu-PCC73102 DnaE,Saccharomyces cerevisiae,Nostoc punctiforme PCC73102,VMA,DnaE,BBa_25M8R987,BBa_25GW1TDZ,PLACEHOLDER_REPLACE_WITH_INBASE_SEQUENCE,PLACEHOLDER_REPLACE_WITH_INBASE_SEQUENCE,Not compatible
Sce VMA,Maer-NIES843 DnaE,Saccharomyces cerevisiae,Microcystis aeruginosa NIES843,VMA,DnaE,BBa_25M8R987,BBa_25F8C5ZQ,PLACEHOLDER_REPLACE_WITH_INBASE_SEQUENCE,PLACEHOLDER_REPLACE_WITH_INBASE_SEQUENCE,Not compatible
Sce VMA,Cwa DnaE,Saccharomyces cerevisiae,Crocosphaera watsonii,VMA,DnaE,BBa_25M8R987,BBa_25WI3QZ0,PLACEHOLDER_REPLACE_WITH_INBASE_SEQUENCE,PLACEHOLDER_REPLACE_WITH_INBASE_SEQUENCE,Not compatible
Sce VMA,Csp-PCC8801 DnaE,Saccharomyces cerevisiae,Cyanothece sp. PCC8801,VMA,DnaE,BBa_25M8R987,BBa_255BD5ZB,PLACEHOLDER_REPLACE_WITH_INBASE_SEQUENCE,PLACEHOLDER_REPLACE_WITH_INBASE_SEQUENCE,Not compatible
Sce VMA,Csp-PCC7424 DnaE,Saccharomyces cerevisiae,Cyanothece sp. PCC7424,VMA,DnaE,BBa_25M8R987,BBa_25HBUDUF,PLACEHOLDER_REPLACE_WITH_INBASE_SEQUENCE,PLACEHOLDER_REPLACE_WITH_INBASE_SEQUENCE,Not compatible
Sce VMA,Csp-CCY0110 DnaE,Saccharomyces cerevisiae,Cyanothece sp. CCY0110,VMA,DnaE,BBa_25M8R987,BBa_25KRZ21R,PLACEHOLDER_REPLACE_WITH_INBASE_SEQUENCE,PLACEHOLDER_REPLACE_WITH_INBASE_SEQUENCE,Not compatible
Sce VMA,Cra-CS505 DnaE,Saccharomyces cerevisiae,Cylindrospermopsis raciborskii,VMA,DnaE,BBa_25M8R987,BBa_25JWTAOY,PLACEHOLDER_REPLACE_WITH_INBASE_SEQUENCE,PLACEHOLDER_REPLACE_WITH_INBASE_SEQUENCE,Not compatible
Sce VMA,Ava DnaE,Saccharomyces cerevisiae,Anabaena variabilis,VMA,DnaE,BBa_25M8R987,BBa_25ZF1QF5,PLACEHOLDER_REPLACE_WITH_INBASE_SEQUENCE,PLACEHOLDER_REPLACE_WITH_INBASE_SEQUENCE,Not compatible
Sce VMA,Aha DnaE,Saccharomyces cerevisiae,Aphanothece halophytica,VMA,DnaE,BBa_25M8R987,BBa_25Z1ZFPY,PLACEHOLDER_REPLACE_WITH_INBASE_SEQUENCE,PLACEHOLDER_REPLACE_WITH_INBASE_SEQUENCE,Not compatible
Sce VMA,Aov DnaE,Saccharomyces cerevisiae,Aphanizomenon ovalisporum,VMA,DnaE,BBa_25M8R987,BBa_25IKNR5T,PLACEHOLDER_REPLACE_WITH_INBASE_SEQUENCE,PLACEHOLDER_REPLACE_WITH_INBASE_SEQUENCE,Not compatible
Sce VMA,Mtu-T17 RecA,Saccharomyces cerevisiae,Mycobacterium tuberculosis,VMA,RecA,BBa_25M8R987,BBa_25YYMD7Z,PLACEHOLDER_REPLACE_WITH_INBASE_SEQUENCE,PLACEHOLDER_REPLACE_WITH_INBASE_SEQUENCE,Not compatible
Sce VMA,Dra Snf2,Saccharomyces cerevisiae,Deinococcus radiodurans,VMA,Snf2,BBa_25M8R987,BBa_25ZJCBN6,PLACEHOLDER_REPLACE_WITH_INBASE_SEQUENCE,PLACEHOLDER_REPLACE_WITH_INBASE_SEQUENCE,Not compatible
Sce VMA,Neq Pol,Saccharomyces cerevisiae,Nanoarchaeum equitans,VMA,Pol,BBa_25M8R987,BBa_257FZ9V0,PLACEHOLDER_REPLACE_WITH_INBASE_SEQUENCE,PLACEHOLDER_REPLACE_WITH_INBASE_SEQUENCE,Not compatible
Sce VMA,Sce VMA,Saccharomyces cerevisiae,Saccharomyces cerevisiae,VMA,VMA,BBa_25M8R987,BBa_253EQDGS,PLACEHOLDER_REPLACE_WITH_INBASE_SEQUENCE,PLACEHOLDER_REPLACE_WITH_INBASE_SEQUENCE,Circularise
